timestamp,bid_type,volume_kw,forecast_price_uah,margin_pct,margin_uah,bid_price_uah,actual_price_uah,executed,realized_profit_uah,idm_fallback_price_uah,idm_fallback_price_is_actual,idm_fallback_acknowledged,idm_submitted_at,settled_at,bid_generated_at
2026-07-29 00:00:00,standby,0.0,5171.089883176686,2.0,,5171.089883176686,6470.0,True,0.0,,,,,2026-07-31 08:42:21.567940,2026-07-31 08:42:21.399992
2026-07-29 01:00:00,standby,0.0,3429.947402355032,2.0,,3429.947402355032,6177.0,True,0.0,,,,,2026-07-31 08:42:21.567975,2026-07-31 08:42:21.399999
2026-07-29 02:00:00,standby,0.0,2349.21247863731,2.0,,2349.21247863731,4498.0,True,0.0,,,,,2026-07-31 08:42:21.567991,2026-07-31 08:42:21.400000
2026-07-29 03:00:00,standby,0.0,2344.066355893081,2.0,,2344.066355893081,3900.0,True,0.0,,,,,2026-07-31 08:42:21.568004,2026-07-31 08:42:21.400000
2026-07-29 04:00:00,standby,0.0,2578.307986960682,2.0,,2578.307986960682,4498.0,True,0.0,,,,,2026-07-31 08:42:21.568019,2026-07-31 08:42:21.400001
2026-07-29 05:00:00,standby,0.0,3344.7663422461196,2.0,,3344.7663422461196,5000.0,True,0.0,,,,,2026-07-31 08:42:21.568032,2026-07-31 08:42:21.400002
2026-07-29 06:00:00,standby,0.0,4986.1145942677385,2.0,,4986.1145942677385,6475.0,True,0.0,,,,,2026-07-31 08:42:21.568043,2026-07-31 08:42:21.400003
2026-07-29 07:00:00,sell,380.0,5413.951808560965,2.0,,5305.672772389746,6000.0,True,1824.0,,,,,2026-07-31 08:42:21.568078,2026-07-31 08:42:21.400003
2026-07-29 08:00:00,standby,0.0,4988.484684302659,2.0,,4988.484684302659,4088.0,True,0.0,,,,,2026-07-31 08:42:21.568090,2026-07-31 08:42:21.400004
2026-07-29 09:00:00,standby,0.0,3424.124400808972,2.0,,3424.124400808972,1348.0,True,0.0,,,,,2026-07-31 08:42:21.568101,2026-07-31 08:42:21.400004
2026-07-29 10:00:00,standby,0.0,1728.6911114051295,2.0,,1728.6911114051295,575.0,True,0.0,,,,,2026-07-31 08:42:21.568112,2026-07-31 08:42:21.400005
2026-07-29 11:00:00,standby,0.0,1257.1573274046293,2.0,,1257.1573274046293,250.0,True,0.0,,,,,2026-07-31 08:42:21.568122,2026-07-31 08:42:21.400005
2026-07-29 12:00:00,buy,368.42105,1163.2163037654495,2.0,,1186.4806298407586,380.0,True,-962.7357825969999,,,,,2026-07-31 08:42:21.568139,2026-07-31 08:42:21.400006
2026-07-29 13:00:00,buy,1000.0,1008.7775048845216,2.0,,1028.953054982212,550.0,True,-2783.1400000000003,,,,,2026-07-31 08:42:21.568155,2026-07-31 08:42:21.400006
2026-07-29 14:00:00,buy,1000.0,785.2324600655761,2.0,,800.9371092668877,250.0,True,-2483.1400000000003,,,,,2026-07-31 08:42:21.568170,2026-07-31 08:42:21.400007
2026-07-29 15:00:00,buy,1000.0,777.4484265283909,2.0,,792.9973950589587,143.0,True,-2376.14,,,,,2026-07-31 08:42:21.568185,2026-07-31 08:42:21.400007
2026-07-29 16:00:00,standby,0.0,1559.122623454197,2.0,,1559.122623454197,999.0,True,0.0,,,,,2026-07-31 08:42:21.568196,2026-07-31 08:42:21.400008
2026-07-29 17:00:00,standby,0.0,2330.877885681584,2.0,,2330.877885681584,3720.0,True,0.0,,,,,2026-07-31 08:42:21.568206,2026-07-31 08:42:21.400008
2026-07-29 18:00:00,standby,0.0,4289.960311374609,2.0,,4289.960311374609,5600.0,True,0.0,,,,,2026-07-31 08:42:21.568217,2026-07-31 08:42:21.400009
2026-07-29 19:00:00,sell,40.0,7188.830330852587,2.0,,7045.053724235536,8100.0,True,276.0,,,,,2026-07-31 08:42:21.568232,2026-07-31 08:42:21.400009
2026-07-29 20:00:00,sell,1000.0,8307.039706717092,2.0,,8140.89891258275,10575.0,True,9375.0,,,,,2026-07-31 08:42:21.568247,2026-07-31 08:42:21.400010
2026-07-29 21:00:00,sell,1000.0,9276.383321263062,2.0,,9090.8556548378,12366.0,True,11166.0,,,,,2026-07-31 08:42:21.568261,2026-07-31 08:42:21.400010
2026-07-29 22:00:00,sell,1000.0,7856.050314924937,2.0,,7698.929308626438,8900.0,True,7700.0,,,,,2026-07-31 08:42:21.568276,2026-07-31 08:42:21.400011
2026-07-29 23:00:00,standby,0.0,6989.581580965742,2.0,,6989.581580965742,7250.0,True,0.0,,,,,2026-07-31 08:42:21.568286,2026-07-31 08:42:21.400011
2026-08-01 00:00:00,standby,0.0,10370.554978812272,8.5,,10370.554978812272,14975.19,True,0.0,,,,,2026-07-31 12:40:41.881816,2026-07-31 08:51:32.028961
2026-08-01 01:00:00,standby,0.0,6221.526481532706,8.5,,6221.526481532706,9120.0,True,0.0,,,,,2026-07-31 12:40:41.881830,2026-07-31 08:51:32.028966
2026-08-01 02:00:00,standby,0.0,5223.813167454427,8.5,,5223.813167454427,7500.0,True,0.0,,,,,2026-07-31 12:40:41.881839,2026-07-31 08:51:32.028967
2026-08-01 03:00:00,standby,0.0,5191.331946815691,8.5,,5191.331946815691,7000.0,True,0.0,,,,,2026-07-31 12:40:41.881848,2026-07-31 08:51:32.028968
2026-08-01 04:00:00,standby,0.0,4657.063752420108,8.5,,4657.063752420108,6700.0,True,0.0,,,,,2026-07-31 12:40:41.881856,2026-07-31 08:51:32.028968
2026-08-01 05:00:00,standby,0.0,5618.952572918656,8.5,,5618.952572918656,6850.0,True,0.0,,,,,2026-07-31 12:40:41.881865,2026-07-31 08:51:32.028969
2026-08-01 06:00:00,standby,0.0,7443.117996499766,8.5,,7443.117996499766,8000.0,True,0.0,,,,,2026-07-31 12:40:41.881873,2026-07-31 08:51:32.028970
2026-08-01 07:00:00,standby,0.0,5568.348613057972,8.5,,5568.348613057972,6000.0,True,0.0,,,,,2026-07-31 12:40:41.881881,2026-07-31 08:51:32.028970
2026-08-01 08:00:00,standby,0.0,4587.961022966496,8.5,,4587.961022966496,3500.0,True,0.0,,,,,2026-07-31 12:40:41.881890,2026-07-31 08:51:32.028971
2026-08-01 09:00:00,standby,0.0,2833.2021280192585,8.5,,2833.2021280192585,2350.0,True,0.0,,,,,2026-07-31 12:40:41.881898,2026-07-31 08:51:32.028971
2026-08-01 10:00:00,standby,0.0,2011.651451110847,8.5,,2011.651451110847,101.0,True,0.0,,,,,2026-07-31 12:40:41.881906,2026-07-31 08:51:32.028972
2026-08-01 11:00:00,standby,0.0,1386.0036234158654,8.5,,1386.0036234158654,15.0,True,0.0,,,,,2026-07-31 12:40:41.881914,2026-07-31 08:51:32.028972
2026-08-01 12:00:00,buy,368.42105,1373.4454490827356,8.5,,1490.188312254768,100.0,True,-859.5778885970001,,,,,2026-07-31 12:40:41.881934,2026-07-31 08:51:32.028973
2026-08-01 13:00:00,buy,1000.0,825.7629572983732,8.5,,895.9528086687349,101.0,True,-2334.1400000000003,,,,,2026-07-31 12:40:41.881948,2026-07-31 08:51:32.028973
2026-08-01 14:00:00,buy,1000.0,714.946773393493,8.5,,775.7172491319399,15.0,True,-2248.1400000000003,,,,,2026-07-31 12:40:41.881961,2026-07-31 08:51:32.028973
2026-08-01 15:00:00,buy,1000.0,957.6328747645167,8.5,,1039.0316691195005,15.0,True,-2248.1400000000003,,,,,2026-07-31 12:40:41.881974,2026-07-31 08:51:32.028974
2026-08-01 16:00:00,standby,0.0,2549.411244882981,8.5,,2549.411244882981,300.0,True,0.0,,,,,2026-07-31 12:40:41.881983,2026-07-31 08:51:32.028974
2026-08-01 17:00:00,standby,0.0,4152.177584666468,8.5,,4152.177584666468,3210.0,True,0.0,,,,,2026-07-31 12:40:41.881992,2026-07-31 08:51:32.028975
2026-08-01 18:00:00,standby,0.0,6254.163712038616,8.5,,6254.163712038616,6891.0,True,0.0,,,,,2026-07-31 12:40:41.882001,2026-07-31 08:51:32.028975
2026-08-01 19:00:00,sell,40.0,9957.157983645737,8.5,,9110.79955503585,9614.0,True,336.56000000000006,,,,,2026-07-31 12:40:41.882014,2026-07-31 08:51:32.028976
2026-08-01 20:00:00,sell,1000.0,11485.940705099581,8.5,,10509.635745166117,11367.0,True,10167.0,,,,,2026-07-31 12:40:41.882026,2026-07-31 08:51:32.028976
2026-08-01 21:00:00,sell,1000.0,12628.540774031966,8.5,,11555.11480823925,10999.0,False,0.0,10948.94,,,,2026-07-31 12:40:42.072944,2026-07-31 08:51:32.028977
2026-08-01 22:00:00,sell,1000.0,10932.712930833808,8.5,,10003.432331712935,10259.0,True,9059.0,,,,,2026-07-31 12:40:42.072974,2026-07-31 08:51:32.028977
2026-08-01 23:00:00,standby,0.0,9500.399798711818,8.5,,9500.399798711818,9446.0,True,0.0,,,,,2026-07-31 12:40:42.072986,2026-07-31 08:51:32.028978
2026-08-02 00:00:00,standby,0.0,9483.45577104196,5.0,,9483.45577104196,14975.76,True,0.0,,,,,2026-08-03 06:39:49.843093,2026-08-03 06:38:23.623118
2026-08-02 01:00:00,standby,0.0,7449.263552852426,5.0,,7449.263552852426,8945.0,True,0.0,,,,,2026-08-03 06:39:49.843108,2026-08-03 06:38:23.623124
2026-08-02 02:00:00,standby,0.0,6468.740467068563,5.0,,6468.740467068563,7500.0,True,0.0,,,,,2026-08-03 06:39:49.843119,2026-08-03 06:38:23.623125
2026-08-02 03:00:00,standby,0.0,4958.244326559024,5.0,,4958.244326559024,7000.0,True,0.0,,,,,2026-08-03 06:39:49.843129,2026-08-03 06:38:23.623126
2026-08-02 04:00:00,standby,0.0,5065.699938101831,5.0,,5065.699938101831,6878.0,True,0.0,,,,,2026-08-03 06:39:49.843139,2026-08-03 06:38:23.623127
2026-08-02 05:00:00,standby,0.0,5027.828518428212,5.0,,5027.828518428212,6700.0,True,0.0,,,,,2026-08-03 06:39:49.843149,2026-08-03 06:38:23.623128
2026-08-02 06:00:00,standby,0.0,6084.020890540387,5.0,,6084.020890540387,6600.0,True,0.0,,,,,2026-08-03 06:39:49.843159,2026-08-03 06:38:23.623128
2026-08-02 07:00:00,standby,0.0,4191.7555132424295,5.0,,4191.7555132424295,4500.0,True,0.0,,,,,2026-08-03 06:39:49.843169,2026-08-03 06:38:23.623129
2026-08-02 08:00:00,standby,0.0,2755.6356612868235,5.0,,2755.6356612868235,2450.0,True,0.0,,,,,2026-08-03 06:39:49.843179,2026-08-03 06:38:23.623129
2026-08-02 09:00:00,standby,0.0,1581.1635134159299,5.0,,1581.1635134159299,1000.0,True,0.0,,,,,2026-08-03 06:39:49.843189,2026-08-03 06:38:23.623129
2026-08-02 10:00:00,buy,368.42105,363.12298194744255,5.0,,381.2791310448147,10.0,True,-826.419994097,,,,,2026-08-03 06:39:49.843212,2026-08-03 06:38:23.623130
2026-08-02 11:00:00,buy,1000.0,158.10016155827557,5.0,,166.00516963618935,10.0,True,-2243.14,,,,,2026-08-03 06:39:49.843228,2026-08-03 06:38:23.623130
2026-08-02 12:00:00,buy,1000.0,127.37075393168747,5.0,,133.73929162827184,102.0,True,-2335.14,,,,,2026-08-03 06:39:49.843244,2026-08-03 06:38:23.623131
2026-08-02 13:00:00,standby,0.0,416.0618114902059,5.0,,416.0618114902059,100.0,True,0.0,,,,,2026-08-03 06:39:49.843253,2026-08-03 06:38:23.623131
2026-08-02 14:00:00,buy,1000.0,358.32641190807533,5.0,,376.2427325034791,10.0,True,-2243.14,,,,,2026-08-03 06:39:49.843268,2026-08-03 06:38:23.623132
2026-08-02 15:00:00,standby,0.0,570.998544113754,5.0,,570.998544113754,10.0,True,0.0,,,,,2026-08-03 06:39:49.843278,2026-08-03 06:38:23.623132
2026-08-02 16:00:00,standby,0.0,1090.134074520227,5.0,,1090.134074520227,500.0,True,0.0,,,,,2026-08-03 06:39:49.843288,2026-08-03 06:38:23.623133
2026-08-02 17:00:00,standby,0.0,3136.2046410894054,5.0,,3136.2046410894054,4444.0,True,0.0,,,,,2026-08-03 06:39:49.843298,2026-08-03 06:38:23.623133
2026-08-02 18:00:00,standby,0.0,5813.844490197454,5.0,,5813.844490197454,7169.0,True,0.0,,,,,2026-08-03 06:39:49.843309,2026-08-03 06:38:23.623133
2026-08-02 19:00:00,sell,40.0,10026.812075458076,5.0,,9525.471471685172,10300.0,True,364.0,,,,,2026-08-03 06:39:49.843324,2026-08-03 06:38:23.623134
2026-08-02 20:00:00,sell,1000.0,11495.23588346431,5.0,,10920.474089291094,11130.0,True,9930.0,,,,,2026-08-03 06:39:49.843342,2026-08-03 06:38:23.623134
2026-08-02 21:00:00,sell,1000.0,11171.779107137114,5.0,,10613.190151780258,11000.0,True,9800.0,,,,,2026-08-03 06:39:49.843359,2026-08-03 06:38:23.623135
2026-08-02 22:00:00,sell,1000.0,10455.844177846539,5.0,,9933.05196895421,10342.0,True,9142.0,,,,,2026-08-03 06:39:49.843375,2026-08-03 06:38:23.623135
2026-08-02 23:00:00,standby,0.0,9666.341644740578,5.0,,9666.341644740578,9484.0,True,0.0,,,,,2026-08-03 06:39:49.843385,2026-08-03 06:38:23.623136
2026-08-03 00:00:00,standby,0.0,8582.563414080769,5.0,,8582.563414080769,14974.31,True,0.0,,,,,2026-08-03 06:39:32.904485,2026-08-03 06:38:50.119701
2026-08-03 01:00:00,standby,0.0,6391.780794018271,5.0,,6391.780794018271,8987.0,True,0.0,,,,,2026-08-03 06:39:32.904501,2026-08-03 06:38:50.119707
2026-08-03 02:00:00,standby,0.0,5791.47517467462,5.0,,5791.47517467462,8100.0,True,0.0,,,,,2026-08-03 06:39:32.904510,2026-08-03 06:38:50.119708
2026-08-03 03:00:00,standby,0.0,5372.24644904023,5.0,,5372.24644904023,7600.0,True,0.0,,,,,2026-08-03 06:39:32.904519,2026-08-03 06:38:50.119709
2026-08-03 04:00:00,standby,0.0,5023.261062612967,5.0,,5023.261062612967,7500.0,True,0.0,,,,,2026-08-03 06:39:32.904527,2026-08-03 06:38:50.119709
2026-08-03 05:00:00,standby,0.0,5469.167379678736,5.0,,5469.167379678736,6700.0,True,0.0,,,,,2026-08-03 06:39:32.904536,2026-08-03 06:38:50.119710
2026-08-03 06:00:00,standby,0.0,6491.097178994097,5.0,,6491.097178994097,8724.0,True,0.0,,,,,2026-08-03 06:39:32.904544,2026-08-03 06:38:50.119710
2026-08-03 07:00:00,standby,0.0,5301.717700197153,5.0,,5301.717700197153,8174.0,True,0.0,,,,,2026-08-03 06:39:32.904559,2026-08-03 06:38:50.119711
2026-08-03 08:00:00,standby,0.0,3728.5818232006523,5.0,,3728.5818232006523,7500.0,True,0.0,,,,,2026-08-03 06:39:32.904568,2026-08-03 06:38:50.119711
2026-08-03 09:00:00,standby,0.0,2463.159656468528,5.0,,2463.159656468528,6177.0,True,0.0,,,,,2026-08-03 06:39:32.904577,2026-08-03 06:38:50.119712
2026-08-03 10:00:00,standby,0.0,1228.9573795865172,5.0,,1228.9573795865172,3000.0,True,0.0,,,,,2026-08-03 06:39:32.904585,2026-08-03 06:38:50.119712
2026-08-03 11:00:00,buy,1000.0,758.9466719827841,5.0,,796.8940055819234,2000.0,False,0.0,1950.5049999999999,,,,2026-08-03 06:39:33.127355,2026-08-03 06:38:50.119713
2026-08-03 12:00:00,buy,1000.0,912.7475474543214,5.0,,958.3849248270375,1499.0,False,0.0,1449.5049999999999,,,,2026-08-03 06:39:33.290775,2026-08-03 06:38:50.119713
2026-08-03 13:00:00,buy,1000.0,819.9891936705474,5.0,,860.9886533540748,1690.0,False,0.0,1640.5049999999999,,,,2026-08-03 06:39:33.448501,2026-08-03 06:38:50.119714
2026-08-03 14:00:00,buy,368.42105,1050.0248993866428,5.0,,1102.526144355975,1690.0,False,0.0,1640.5049999999999,,,,2026-08-03 06:39:33.612403,2026-08-03 06:38:50.119714
2026-08-03 15:00:00,standby,0.0,1196.553157103496,5.0,,1196.553157103496,3700.0,True,0.0,,,,,2026-08-03 06:39:33.612425,2026-08-03 06:38:50.119715
2026-08-03 16:00:00,standby,0.0,1964.7948638177365,5.0,,1964.7948638177365,6200.0,True,0.0,,,,,2026-08-03 06:39:33.612435,2026-08-03 06:38:50.119715
2026-08-03 17:00:00,standby,0.0,4399.046716459403,5.0,,4399.046716459403,9080.0,True,0.0,,,,,2026-08-03 06:39:33.612444,2026-08-03 06:38:50.119716
2026-08-03 18:00:00,standby,0.0,6770.47555926535,5.0,,6770.47555926535,14000.0,True,0.0,,,,,2026-08-03 06:39:33.612475,2026-08-03 06:38:50.119716
2026-08-03 19:00:00,sell,40.0,10055.068643138258,5.0,,9552.315210981345,15000.0,True,552.0,,,,,2026-08-03 06:39:33.612491,2026-08-03 06:38:50.119717
2026-08-03 20:00:00,sell,1000.0,10596.327873030561,5.0,,10066.511479379033,15000.0,True,13800.0,,,,,2026-08-03 06:39:33.612504,2026-08-03 06:38:50.119717
2026-08-03 21:00:00,sell,1000.0,10973.466343253429,5.0,,10424.793026090758,15000.0,True,13800.0,,,,,2026-08-03 06:39:33.612518,2026-08-03 06:38:50.119718
2026-08-03 22:00:00,sell,1000.0,10861.613648311697,5.0,,10318.53296589611,15000.0,True,13800.0,,,,,2026-08-03 06:39:33.612530,2026-08-03 06:38:50.119718
2026-08-03 23:00:00,standby,0.0,9251.730412278015,5.0,,9251.730412278015,13323.0,True,0.0,,,,,2026-08-03 06:39:33.612539,2026-08-03 06:38:50.119719
2026-08-04 00:00:00,standby,0.0,12851.173892743785,5.0,,12851.173892743785,14951.2,True,0.0,,,,,2026-08-04 12:47:44.988742,2026-08-03 06:39:06.951882
2026-08-04 01:00:00,standby,0.0,8560.352418573602,5.0,,8560.352418573602,9632.0,True,0.0,,,,,2026-08-04 12:47:44.988757,2026-08-03 06:39:06.951887
2026-08-04 02:00:00,standby,0.0,7855.751712863626,5.0,,7855.751712863626,9013.0,True,0.0,,,,,2026-08-04 12:47:44.988766,2026-08-03 06:39:06.951888
2026-08-04 03:00:00,standby,0.0,7230.959197206228,5.0,,7230.959197206228,8930.0,True,0.0,,,,,2026-08-04 12:47:44.988775,2026-08-03 06:39:06.951889
2026-08-04 04:00:00,standby,0.0,6996.105181432977,5.0,,6996.105181432977,8049.0,True,0.0,,,,,2026-08-04 12:47:44.988784,2026-08-03 06:39:06.951889
2026-08-04 05:00:00,standby,0.0,7048.934515122263,5.0,,7048.934515122263,8644.0,True,0.0,,,,,2026-08-04 12:47:44.988792,2026-08-03 06:39:06.951890
2026-08-04 06:00:00,standby,0.0,8079.481373528912,5.0,,8079.481373528912,9287.0,True,0.0,,,,,2026-08-04 12:47:44.988801,2026-08-03 06:39:06.951891
2026-08-04 07:00:00,standby,0.0,7680.703228592432,5.0,,7680.703228592432,9738.0,True,0.0,,,,,2026-08-04 12:47:44.988809,2026-08-03 06:39:06.951891
2026-08-04 08:00:00,standby,0.0,7029.950285889219,5.0,,7029.950285889219,9430.0,True,0.0,,,,,2026-08-04 12:47:44.988817,2026-08-03 06:39:06.951892
2026-08-04 09:00:00,standby,0.0,6261.851295925306,5.0,,6261.851295925306,8564.0,True,0.0,,,,,2026-08-04 12:47:44.988826,2026-08-03 06:39:06.951892
2026-08-04 10:00:00,standby,0.0,3801.9393708069156,5.0,,3801.9393708069156,4999.0,True,0.0,,,,,2026-08-04 12:47:44.988834,2026-08-03 06:39:06.951893
2026-08-04 11:00:00,standby,0.0,3006.395338593332,5.0,,3006.395338593332,4000.0,True,0.0,,,,,2026-08-04 12:47:44.988843,2026-08-03 06:39:06.951893
2026-08-04 12:00:00,buy,1000.0,1910.1781329941991,5.0,,2005.6870396439092,3080.0,False,0.0,3026.9750000000004,,,,2026-08-04 12:47:45.174547,2026-08-03 06:39:06.951893
2026-08-04 13:00:00,buy,1000.0,2085.2352549263037,5.0,,2189.4970176726188,3150.0,False,0.0,3096.9750000000004,,,,2026-08-04 12:47:45.348564,2026-08-03 06:39:06.951894
2026-08-04 14:00:00,buy,1000.0,2022.86976890076,5.0,,2124.013257345798,3080.0,False,0.0,3026.9750000000004,,,,2026-08-04 12:47:45.617328,2026-08-03 06:39:06.951894
2026-08-04 15:00:00,buy,368.42105,2641.0353324809726,5.0,,2773.0870991050215,4171.0,False,0.0,4117.975,,,,2026-08-04 12:47:45.788699,2026-08-03 06:39:06.951895
2026-08-04 16:00:00,standby,0.0,4735.547743264116,5.0,,4735.547743264116,5940.0,True,0.0,,,,,2026-08-04 12:47:45.788723,2026-08-03 06:39:06.951895
2026-08-04 17:00:00,standby,0.0,6721.107384386564,5.0,,6721.107384386564,8370.0,True,0.0,,,,,2026-08-04 12:47:45.788734,2026-08-03 06:39:06.951896
2026-08-04 18:00:00,standby,0.0,9972.101121396303,5.0,,9972.101121396303,11740.0,True,0.0,,,,,2026-08-04 12:47:45.788748,2026-08-03 06:39:06.951896
2026-08-04 19:00:00,sell,40.0,12223.153387610208,5.0,,11611.995718229697,15000.0,True,552.0,,,,,2026-08-04 12:47:45.788764,2026-08-03 06:39:06.951897
2026-08-04 20:00:00,sell,1000.0,13059.829384751252,5.0,,12406.83791551369,15000.0,True,13800.0,,,,,2026-08-04 12:47:45.788778,2026-08-03 06:39:06.951897
2026-08-04 21:00:00,sell,1000.0,13624.71158035826,5.0,,12943.476001340347,15000.0,True,13800.0,,,,,2026-08-04 12:47:45.788792,2026-08-03 06:39:06.951897
2026-08-04 22:00:00,sell,1000.0,13460.385906400974,5.0,,12787.366611080924,14899.0,True,13699.0,,,,,2026-08-04 12:47:45.788805,2026-08-03 06:39:06.951898
2026-08-04 23:00:00,standby,0.0,11174.461226918496,5.0,,11174.461226918496,12998.0,True,0.0,,,,,2026-08-04 12:47:45.788814,2026-08-03 06:39:06.951898
2026-08-05 00:00:00,standby,0.0,12768.396406928523,5.0,,12768.396406928523,14976.56,True,0.0,,,,,2026-08-04 12:47:24.106687,2026-08-04 12:47:15.028453
2026-08-05 01:00:00,standby,0.0,8515.227150877708,5.0,,8515.227150877708,9500.0,True,0.0,,,,,2026-08-04 12:47:24.106705,2026-08-04 12:47:15.028474
2026-08-05 02:00:00,standby,0.0,7810.626445167729,5.0,,7810.626445167729,7232.0,True,0.0,,,,,2026-08-04 12:47:24.106716,2026-08-04 12:47:15.028475
2026-08-05 03:00:00,standby,0.0,7180.566570580069,5.0,,7180.566570580069,6575.0,True,0.0,,,,,2026-08-04 12:47:24.106727,2026-08-04 12:47:15.028476
2026-08-05 04:00:00,standby,0.0,6945.712554806818,5.0,,6945.712554806818,5399.0,True,0.0,,,,,2026-08-04 12:47:24.106740,2026-08-04 12:47:15.028476
2026-08-05 05:00:00,standby,0.0,6989.688910187832,5.0,,6989.688910187832,6700.0,True,0.0,,,,,2026-08-04 12:47:24.106762,2026-08-04 12:47:15.028477
2026-08-05 06:00:00,standby,0.0,8029.580403776616,5.0,,8029.580403776616,9000.0,True,0.0,,,,,2026-08-04 12:47:24.106776,2026-08-04 12:47:15.028477
2026-08-05 07:00:00,standby,0.0,7577.8338582589695,5.0,,7577.8338582589695,9500.0,True,0.0,,,,,2026-08-04 12:47:24.106789,2026-08-04 12:47:15.028478
2026-08-05 08:00:00,standby,0.0,6807.519959300058,5.0,,6807.519959300058,6700.0,True,0.0,,,,,2026-08-04 12:47:24.106802,2026-08-04 12:47:15.028478
2026-08-05 09:00:00,standby,0.0,6123.654211394503,5.0,,6123.654211394503,5885.0,True,0.0,,,,,2026-08-04 12:47:24.106815,2026-08-04 12:47:15.028479
2026-08-05 10:00:00,standby,0.0,3663.2166735450664,5.0,,3663.2166735450664,4498.0,True,0.0,,,,,2026-08-04 12:47:24.106827,2026-08-04 12:47:15.028479
2026-08-05 11:00:00,standby,0.0,2843.0927614927596,5.0,,2843.0927614927596,3489.0,True,0.0,,,,,2026-08-04 12:47:24.106839,2026-08-04 12:47:15.028480
2026-08-05 12:00:00,buy,1000.0,1794.2713926718852,5.0,,1883.9849623054795,3989.0,False,0.0,3935.9750000000004,,,,2026-08-04 12:47:24.319143,2026-08-04 12:47:15.028480
2026-08-05 13:00:00,buy,1000.0,1969.3285146039884,5.0,,2067.794940334188,3079.0,False,0.0,3025.9750000000004,,,,2026-08-04 12:47:24.512115,2026-08-04 12:47:15.028481
2026-08-05 14:00:00,buy,1000.0,1916.5814380800928,5.0,,2012.4105099840974,3299.0,False,0.0,3245.9750000000004,,,,2026-08-04 12:47:24.717772,2026-08-04 12:47:15.028481
2026-08-05 15:00:00,buy,368.42105,2488.960553940154,5.0,,2613.408581637162,4099.0,False,0.0,4045.9750000000004,,,,2026-08-04 12:47:24.900570,2026-08-04 12:47:15.028481
2026-08-05 16:00:00,standby,0.0,4486.080497891323,5.0,,4486.080497891323,5499.0,True,0.0,,,,,2026-08-04 12:47:24.900598,2026-08-04 12:47:15.028482
2026-08-05 17:00:00,standby,0.0,6570.959146801461,5.0,,6570.959146801461,7300.0,True,0.0,,,,,2026-08-04 12:47:24.900612,2026-08-04 12:47:15.028482
2026-08-05 18:00:00,standby,0.0,9922.200151644009,5.0,,9922.200151644009,11490.0,True,0.0,,,,,2026-08-04 12:47:24.900634,2026-08-04 12:47:15.028483
2026-08-05 19:00:00,sell,40.0,12173.252417857913,5.0,,11564.589796965018,15000.0,True,552.0,,,,,2026-08-04 12:47:24.900654,2026-08-04 12:47:15.028483
2026-08-05 20:00:00,sell,1000.0,13009.928414998958,5.0,,12359.43199424901,15000.0,True,13800.0,,,,,2026-08-04 12:47:24.900674,2026-08-04 12:47:15.028484
2026-08-05 21:00:00,sell,1000.0,13574.810610605966,5.0,,12896.070080075668,15000.0,True,13800.0,,,,,2026-08-04 12:47:24.900690,2026-08-04 12:47:15.028484
2026-08-05 22:00:00,sell,1000.0,13301.762165819804,5.0,,12636.674057528813,14976.53,True,13776.53,,,,,2026-08-04 12:47:24.900705,2026-08-04 12:47:15.028485
2026-08-05 23:00:00,standby,0.0,11015.837486337326,5.0,,11015.837486337326,14969.2,True,0.0,,,,,2026-08-04 12:47:24.900717,2026-08-04 12:47:15.028485
2026-08-06 00:00:00,standby,0.0,13186.919831828174,5.0,,13186.919831828174,14973.73,True,0.0,,,,,2026-08-06 07:06:30.784318,2026-08-04 12:46:59.812147
2026-08-06 01:00:00,standby,0.0,9821.853182925066,5.0,,9821.853182925066,11236.0,True,0.0,,,,,2026-08-06 07:06:30.784333,2026-08-04 12:46:59.812152
2026-08-06 02:00:00,standby,0.0,8372.465984891885,5.0,,8372.465984891885,10330.0,True,0.0,,,,,2026-08-06 07:06:30.784342,2026-08-04 12:46:59.812154
2026-08-06 03:00:00,standby,0.0,7775.959406092557,5.0,,7775.959406092557,10000.0,True,0.0,,,,,2026-08-06 07:06:30.784350,2026-08-04 12:46:59.812155
2026-08-06 04:00:00,standby,0.0,7385.040090223958,5.0,,7385.040090223958,9934.0,True,0.0,,,,,2026-08-06 07:06:30.784359,2026-08-04 12:46:59.812156
2026-08-06 05:00:00,standby,0.0,7853.403027176563,5.0,,7853.403027176563,10029.0,True,0.0,,,,,2026-08-06 07:06:30.784368,2026-08-04 12:46:59.812156
2026-08-06 06:00:00,standby,0.0,10152.2358315896,5.0,,10152.2358315896,11444.0,True,0.0,,,,,2026-08-06 07:06:30.784377,2026-08-04 12:46:59.812157
2026-08-06 07:00:00,standby,0.0,11095.704726250258,5.0,,11095.704726250258,10841.0,True,0.0,,,,,2026-08-06 07:06:30.784391,2026-08-04 12:46:59.812157
2026-08-06 08:00:00,standby,0.0,8155.583470196231,5.0,,8155.583470196231,9500.0,True,0.0,,,,,2026-08-06 07:06:30.784400,2026-08-04 12:46:59.812158
2026-08-06 09:00:00,standby,0.0,6180.431560276468,5.0,,6180.431560276468,7000.0,True,0.0,,,,,2026-08-06 07:06:30.784409,2026-08-04 12:46:59.812158
2026-08-06 10:00:00,standby,0.0,4571.979583087324,5.0,,4571.979583087324,4450.0,True,0.0,,,,,2026-08-06 07:06:30.784417,2026-08-04 12:46:59.812159
2026-08-06 11:00:00,buy,1000.0,3496.8513257036807,5.0,,3671.693891988865,4795.81,False,0.0,4721.145,,,,2026-08-06 07:06:30.974047,2026-08-04 12:46:59.812159
2026-08-06 12:00:00,buy,368.42105,3822.3586839692475,5.0,,4013.47661816771,3950.0,True,-2277.998931097,,,,,2026-08-06 07:06:30.974078,2026-08-04 12:46:59.812160
2026-08-06 13:00:00,buy,1000.0,3434.468352836598,5.0,,3606.191770478428,3650.0,False,0.0,3575.335,,,,2026-08-06 07:06:31.133391,2026-08-04 12:46:59.812160
2026-08-06 14:00:00,buy,1000.0,3598.1897094850383,5.0,,3778.0991949592903,4489.0,False,0.0,4414.335,,,,2026-08-06 07:06:31.312861,2026-08-04 12:46:59.812161
2026-08-06 15:00:00,standby,0.0,3936.684877175881,5.0,,3936.684877175881,4450.0,True,0.0,,,,,2026-08-06 07:06:31.312884,2026-08-04 12:46:59.812161
2026-08-06 16:00:00,standby,0.0,5005.564121807322,5.0,,5005.564121807322,6365.0,True,0.0,,,,,2026-08-06 07:06:31.312894,2026-08-04 12:46:59.812162
2026-08-06 17:00:00,standby,0.0,6739.329679561576,5.0,,6739.329679561576,8366.0,True,0.0,,,,,2026-08-06 07:06:31.312903,2026-08-04 12:46:59.812162
2026-08-06 18:00:00,standby,0.0,11125.978958224494,5.0,,11125.978958224494,13500.0,True,0.0,,,,,2026-08-06 07:06:31.312919,2026-08-04 12:46:59.812163
2026-08-06 19:00:00,sell,1000.0,13987.487996350013,5.0,,13288.113596532512,14977.99,True,13777.99,,,,,2026-08-06 07:06:31.312935,2026-08-04 12:46:59.812163
2026-08-06 20:00:00,sell,1000.0,13972.363900094344,5.0,,13273.745705089626,15000.0,True,13800.0,,,,,2026-08-06 07:06:31.312949,2026-08-04 12:46:59.812164
2026-08-06 21:00:00,sell,1000.0,13875.48448209151,5.0,,13181.710257986933,15000.0,True,13800.0,,,,,2026-08-06 07:06:31.312962,2026-08-04 12:46:59.812164
2026-08-06 22:00:00,sell,40.0,13337.824868072166,5.0,,12670.933624668558,14690.0,True,539.6,,,,,2026-08-06 07:06:31.312975,2026-08-04 12:46:59.812164
2026-08-06 23:00:00,standby,0.0,12450.512935419694,5.0,,12450.512935419694,13150.0,True,0.0,,,,,2026-08-06 07:06:31.312984,2026-08-04 12:46:59.812165
2026-08-07 00:00:00,standby,0.0,12523.875271439032,10.0,,12523.875271439032,11000.0,True,0.0,,,,,2026-08-06 11:47:19.702565,2026-08-06 11:46:14.833010
2026-08-07 01:00:00,standby,0.0,11574.997580047535,10.0,,11574.997580047535,9000.0,True,0.0,,,,,2026-08-06 11:47:19.702579,2026-08-06 11:46:14.833017
2026-08-07 02:00:00,standby,0.0,9862.870842259399,10.0,,9862.870842259399,8411.0,True,0.0,,,,,2026-08-06 11:47:19.702588,2026-08-06 11:46:14.833018
2026-08-07 03:00:00,standby,0.0,9869.095275749705,10.0,,9869.095275749705,8279.0,True,0.0,,,,,2026-08-06 11:47:19.702596,2026-08-06 11:46:14.833019
2026-08-07 04:00:00,standby,0.0,9474.886982662121,10.0,,9474.886982662121,8088.0,True,0.0,,,,,2026-08-06 11:47:19.702605,2026-08-06 11:46:14.833019
2026-08-07 05:00:00,standby,0.0,9998.112107837544,10.0,,9998.112107837544,8318.0,True,0.0,,,,,2026-08-06 11:47:19.702613,2026-08-06 11:46:14.833020
2026-08-07 06:00:00,standby,0.0,11354.274689517311,10.0,,11354.274689517311,8864.0,True,0.0,,,,,2026-08-06 11:47:19.702621,2026-08-06 11:46:14.833021
2026-08-07 07:00:00,standby,0.0,11437.25331184225,10.0,,11437.25331184225,9247.0,True,0.0,,,,,2026-08-06 11:47:19.702630,2026-08-06 11:46:14.833021
2026-08-07 08:00:00,standby,0.0,8776.790991334168,10.0,,8776.790991334168,7600.0,True,0.0,,,,,2026-08-06 11:47:19.702638,2026-08-06 11:46:14.833022
2026-08-07 09:00:00,standby,0.0,6450.936268492508,10.0,,6450.936268492508,6575.0,True,0.0,,,,,2026-08-06 11:47:19.702647,2026-08-06 11:46:14.833022
2026-08-07 10:00:00,standby,0.0,4508.21266447117,10.0,,4508.21266447117,4330.0,True,0.0,,,,,2026-08-06 11:47:19.702655,2026-08-06 11:46:14.833023
2026-08-07 11:00:00,buy,368.42105,4064.4863355738153,10.0,,4470.934969131197,4790.0,False,0.0,4715.335,,,,2026-08-06 11:47:19.854251,2026-08-06 11:46:14.833023
2026-08-07 12:00:00,buy,1000.0,4028.3740931510897,10.0,,4431.211502466199,4670.0,False,0.0,4595.335,,,,2026-08-06 11:47:20.014973,2026-08-06 11:46:14.833024
2026-08-07 13:00:00,buy,1000.0,3575.4981885837915,10.0,,3933.0480074421707,4440.0,False,0.0,4365.335,,,,2026-08-06 11:47:20.164779,2026-08-06 11:46:14.833024
2026-08-07 14:00:00,buy,1000.0,3862.451969866879,10.0,,4248.697166853567,4820.0,False,0.0,4745.335,,,,2026-08-06 11:47:20.310702,2026-08-06 11:46:14.833025
2026-08-07 15:00:00,standby,0.0,4389.082957117005,10.0,,4389.082957117005,5731.0,True,0.0,,,,,2026-08-06 11:47:20.310727,2026-08-06 11:46:14.833025
2026-08-07 16:00:00,standby,0.0,5896.79682620689,10.0,,5896.79682620689,6600.0,True,0.0,,,,,2026-08-06 11:47:20.310738,2026-08-06 11:46:14.833026
2026-08-07 17:00:00,standby,0.0,7508.476423727981,10.0,,7508.476423727981,8549.0,True,0.0,,,,,2026-08-06 11:47:20.310748,2026-08-06 11:46:14.833026
2026-08-07 18:00:00,standby,0.0,10870.58525288976,10.0,,10870.58525288976,11698.0,True,0.0,,,,,2026-08-06 11:47:20.310763,2026-08-06 11:46:14.833027
2026-08-07 19:00:00,sell,40.0,12926.220204732223,10.0,,11633.598184259,12303.0,True,444.12,,,,,2026-08-06 11:47:20.310778,2026-08-06 11:46:14.833027
2026-08-07 20:00:00,sell,1000.0,13006.879269813096,10.0,,11706.191342831788,11300.0,False,0.0,11225.335,,,,2026-08-06 11:47:20.470867,2026-08-06 11:46:14.833028
2026-08-07 21:00:00,sell,1000.0,13548.391647476366,10.0,,12193.55248272873,10000.0,False,0.0,9925.335,,,,2026-08-06 11:47:20.620534,2026-08-06 11:46:14.833028
2026-08-07 22:00:00,sell,1000.0,13108.497647354161,10.0,,11797.647882618745,8840.0,False,0.0,8765.335,,,,2026-08-06 11:47:20.766576,2026-08-06 11:46:14.833029
2026-08-07 23:00:00,standby,0.0,12095.286271826288,10.0,,12095.286271826288,9000.0,True,0.0,,,,,2026-08-06 11:47:20.766598,2026-08-06 11:46:14.833029
2026-08-08 00:00:00,standby,0.0,10683.418897260228,5.0,,10683.418897260228,6570.0,True,0.0,,,,,2026-08-07 11:06:09.692705,2026-08-07 09:26:38.878741
2026-08-08 01:00:00,standby,0.0,8600.181391349357,5.0,,8600.181391349357,9205.0,True,0.0,,,,,2026-08-07 11:06:09.692724,2026-08-07 09:26:38.878746
2026-08-08 02:00:00,standby,0.0,7607.9806370923525,5.0,,7607.9806370923525,8760.0,True,0.0,,,,,2026-08-07 11:06:09.693118,2026-08-07 09:26:38.878748
2026-08-08 03:00:00,standby,0.0,7250.377151808436,5.0,,7250.377151808436,8532.0,True,0.0,,,,,2026-08-07 11:06:09.693131,2026-08-07 09:26:38.878748
2026-08-08 04:00:00,standby,0.0,7287.371686377401,5.0,,7287.371686377401,8558.0,True,0.0,,,,,2026-08-07 11:06:09.693142,2026-08-07 09:26:38.878749
2026-08-08 05:00:00,standby,0.0,7214.689884721886,5.0,,7214.689884721886,8597.0,True,0.0,,,,,2026-08-07 11:06:09.693152,2026-08-07 09:26:38.878750
2026-08-08 06:00:00,standby,0.0,7591.015346173761,5.0,,7591.015346173761,9500.0,True,0.0,,,,,2026-08-07 11:06:09.693161,2026-08-07 09:26:38.878750
2026-08-08 07:00:00,standby,0.0,8450.624606882788,5.0,,8450.624606882788,8840.0,True,0.0,,,,,2026-08-07 11:06:09.693177,2026-08-07 09:26:38.878751
2026-08-08 08:00:00,standby,0.0,5439.853764344316,5.0,,5439.853764344316,7686.0,True,0.0,,,,,2026-08-07 11:06:09.693187,2026-08-07 09:26:38.878751
2026-08-08 09:00:00,standby,0.0,3616.283017457867,5.0,,3616.283017457867,6650.0,True,0.0,,,,,2026-08-07 11:06:09.693196,2026-08-07 09:26:38.878752
2026-08-08 10:00:00,standby,0.0,2839.699914284799,5.0,,2839.699914284799,4966.0,True,0.0,,,,,2026-08-07 11:06:09.693206,2026-08-07 09:26:38.878752
2026-08-08 11:00:00,buy,1000.0,2596.9298447731244,5.0,,2726.776337011781,2864.0,False,0.0,2789.8849999999998,,,,2026-08-07 11:06:09.906974,2026-08-07 09:26:38.878753
2026-08-08 12:00:00,buy,368.42105,2735.7775541670326,5.0,,2872.5664318753843,1799.78,True,-1485.812620966,,,,,2026-08-07 11:06:09.907004,2026-08-07 09:26:38.878753
2026-08-08 13:00:00,standby,0.0,2775.1092161079773,5.0,,2775.1092161079773,1750.0,True,0.0,,,,,2026-08-07 11:06:09.907014,2026-08-07 09:26:38.878754
2026-08-08 14:00:00,buy,1000.0,2492.069982823759,5.0,,2616.673481964947,1340.0,True,-3573.1400000000003,,,,,2026-08-07 11:06:09.907029,2026-08-07 09:26:38.878754
2026-08-08 15:00:00,buy,1000.0,2166.954299102838,5.0,,2275.3020140579797,1393.0,True,-3626.1400000000003,,,,,2026-08-07 11:06:09.907042,2026-08-07 09:26:38.878754
2026-08-08 16:00:00,standby,0.0,3541.1208255986776,5.0,,3541.1208255986776,2495.0,True,0.0,,,,,2026-08-07 11:06:09.907051,2026-08-07 09:26:38.878755
2026-08-08 17:00:00,standby,0.0,5142.0684165458815,5.0,,5142.0684165458815,5458.25,True,0.0,,,,,2026-08-07 11:06:09.907061,2026-08-07 09:26:38.878755
2026-08-08 18:00:00,sell,40.0,8758.773100454406,5.0,,8320.834445431685,8000.0,False,0.0,7925.885,,,,2026-08-07 11:06:10.097487,2026-08-07 09:26:38.878756
2026-08-08 19:00:00,sell,1000.0,9905.69827025094,5.0,,9410.413356738392,9574.6,True,8374.6,,,,,2026-08-07 11:06:10.097512,2026-08-07 09:26:38.878756
2026-08-08 20:00:00,sell,1000.0,9505.112421002983,5.0,,9029.856799952833,9417.0,True,8217.0,,,,,2026-08-07 11:06:10.097527,2026-08-07 09:26:38.878757
2026-08-08 21:00:00,sell,1000.0,9614.973379964302,5.0,,9134.224710966086,10377.0,True,9177.0,,,,,2026-08-07 11:06:10.097541,2026-08-07 09:26:38.878757
2026-08-08 22:00:00,standby,0.0,8250.970861967198,5.0,,8250.970861967198,9000.0,True,0.0,,,,,2026-08-07 11:06:10.097549,2026-08-07 09:26:38.878757
2026-08-08 23:00:00,standby,0.0,8498.153042244367,5.0,,8498.153042244367,9683.35,True,0.0,,,,,2026-08-07 11:06:10.097557,2026-08-07 09:26:38.878758
2026-08-09 00:00:00,standby,0.0,7361.9437431337665,5.0,,7361.9437431337665,8500.0,True,0.0,,,,,2026-08-08 17:53:32.384944,2026-08-08 17:53:24.912451
2026-08-09 01:00:00,standby,0.0,8699.714338754706,5.0,,8699.714338754706,8000.0,True,0.0,,,,,2026-08-08 17:53:32.384958,2026-08-08 17:53:24.912467
2026-08-09 02:00:00,standby,0.0,7677.899628254996,5.0,,7677.899628254996,6650.0,True,0.0,,,,,2026-08-08 17:53:32.384969,2026-08-08 17:53:24.912470
2026-08-09 03:00:00,standby,0.0,7578.157498135814,5.0,,7578.157498135814,6600.0,True,0.0,,,,,2026-08-08 17:53:32.384980,2026-08-08 17:53:24.912471
2026-08-09 04:00:00,standby,0.0,7492.820891416832,5.0,,7492.820891416832,6575.0,True,0.0,,,,,2026-08-08 17:53:32.384990,2026-08-08 17:53:24.912472
2026-08-09 05:00:00,standby,0.0,7385.797346006448,5.0,,7385.797346006448,6500.0,True,0.0,,,,,2026-08-08 17:53:32.385001,2026-08-08 17:53:24.912472
2026-08-09 06:00:00,standby,0.0,8663.185713726225,5.0,,8663.185713726225,6700.0,True,0.0,,,,,2026-08-08 17:53:32.385011,2026-08-08 17:53:24.912473
2026-08-09 07:00:00,standby,0.0,5902.847554019307,5.0,,5902.847554019307,4999.0,True,0.0,,,,,2026-08-08 17:53:32.385026,2026-08-08 17:53:24.912473
2026-08-09 08:00:00,standby,0.0,4362.8743635227875,5.0,,4362.8743635227875,2950.0,True,0.0,,,,,2026-08-08 17:53:32.385037,2026-08-08 17:53:24.912474
2026-08-09 09:00:00,standby,0.0,3317.6381133110217,5.0,,3317.6381133110217,2850.0,True,0.0,,,,,2026-08-08 17:53:32.385047,2026-08-08 17:53:24.912474
2026-08-09 10:00:00,standby,0.0,1919.299430915691,5.0,,1919.299430915691,480.0,True,0.0,,,,,2026-08-08 17:53:32.385056,2026-08-08 17:53:24.912475
2026-08-09 11:00:00,standby,0.0,1484.0624349473835,5.0,,1484.0624349473835,88.0,True,0.0,,,,,2026-08-08 17:53:32.385066,2026-08-08 17:53:24.912475
2026-08-09 12:00:00,buy,1000.0,1014.6662710043653,5.0,,1065.3995845545835,43.0,True,-2276.1400000000003,,,,,2026-08-08 17:53:32.385088,2026-08-08 17:53:24.912476
2026-08-09 13:00:00,buy,368.42105,1160.1340762378031,5.0,,1218.1407800496934,157.51,True,-880.7657831825,,,,,2026-08-08 17:53:32.385104,2026-08-08 17:53:24.912476
2026-08-09 14:00:00,buy,1000.0,820.7400762014463,5.0,,861.7770800115187,101.0,True,-2334.1400000000003,,,,,2026-08-08 17:53:32.385118,2026-08-08 17:53:24.912477
2026-08-09 15:00:00,buy,1000.0,941.4452642085784,5.0,,988.5175274190074,123.45,True,-2356.59,,,,,2026-08-08 17:53:32.385132,2026-08-08 17:53:24.912477
2026-08-09 16:00:00,standby,0.0,1797.2048175497098,5.0,,1797.2048175497098,500.0,True,0.0,,,,,2026-08-08 17:53:32.385142,2026-08-08 17:53:24.912477
2026-08-09 17:00:00,standby,0.0,3525.9459423267695,5.0,,3525.9459423267695,3041.97,True,0.0,,,,,2026-08-08 17:53:32.385151,2026-08-08 17:53:24.912478
2026-08-09 18:00:00,standby,0.0,6930.889426363312,5.0,,6930.889426363312,7000.0,True,0.0,,,,,2026-08-08 17:53:32.385161,2026-08-08 17:53:24.912478
2026-08-09 19:00:00,sell,40.0,8868.151017251263,5.0,,8424.7434663887,8840.0,True,305.6,,,,,2026-08-08 17:53:32.385175,2026-08-08 17:53:24.912479
2026-08-09 20:00:00,sell,1000.0,9556.056929283974,5.0,,9078.254082819774,10077.0,True,8877.0,,,,,2026-08-08 17:53:32.385189,2026-08-08 17:53:24.912479
2026-08-09 21:00:00,sell,1000.0,9932.505247767005,5.0,,9435.879985378655,10300.0,True,9100.0,,,,,2026-08-08 17:53:32.385202,2026-08-08 17:53:24.912480
2026-08-09 22:00:00,standby,0.0,8709.58274545131,5.0,,8709.58274545131,9999.0,True,0.0,,,,,2026-08-08 17:53:32.385211,2026-08-08 17:53:24.912480
2026-08-09 23:00:00,sell,1000.0,9320.415982189894,5.0,,8854.395183080398,9831.0,True,8631.0,,,,,2026-08-08 17:53:32.385224,2026-08-08 17:53:24.912480
2026-08-10 00:00:00,sell,380.0,9265.178825822524,5.0,,8801.919884531397,9000.0,True,2964.0,,,,,2026-08-10 05:55:29.984209,2026-08-10 05:53:31.776094
2026-08-10 01:00:00,standby,0.0,8360.639520094159,5.0,,8360.639520094159,6600.0,True,0.0,,,,,2026-08-10 05:55:29.984223,2026-08-10 05:53:31.776098
2026-08-10 02:00:00,standby,0.0,7266.038830116461,5.0,,7266.038830116461,6500.0,True,0.0,,,,,2026-08-10 05:55:29.984233,2026-08-10 05:53:31.776098
2026-08-10 03:00:00,standby,0.0,7066.196145967227,5.0,,7066.196145967227,6000.0,True,0.0,,,,,2026-08-10 05:55:29.984243,2026-08-10 05:53:31.776099
2026-08-10 04:00:00,standby,0.0,7080.104902659477,5.0,,7080.104902659477,6498.0,True,0.0,,,,,2026-08-10 05:55:29.984252,2026-08-10 05:53:31.776099
2026-08-10 05:00:00,standby,0.0,7021.444427041014,5.0,,7021.444427041014,6700.0,True,0.0,,,,,2026-08-10 05:55:29.984262,2026-08-10 05:53:31.776100
2026-08-10 06:00:00,standby,0.0,8941.888140440233,5.0,,8941.888140440233,8273.0,True,0.0,,,,,2026-08-10 05:55:29.984271,2026-08-10 05:53:31.776100
2026-08-10 07:00:00,standby,0.0,7925.954045095466,5.0,,7925.954045095466,8840.0,True,0.0,,,,,2026-08-10 05:55:29.984280,2026-08-10 05:53:31.776100
2026-08-10 08:00:00,standby,0.0,7319.725215825859,5.0,,7319.725215825859,7984.0,True,0.0,,,,,2026-08-10 05:55:29.984289,2026-08-10 05:53:31.776101
2026-08-10 09:00:00,standby,0.0,6487.8073813547435,5.0,,6487.8073813547435,6550.0,True,0.0,,,,,2026-08-10 05:55:29.984298,2026-08-10 05:53:31.776102
2026-08-10 10:00:00,standby,0.0,4429.57726754152,5.0,,4429.57726754152,3069.0,True,0.0,,,,,2026-08-10 05:55:29.984308,2026-08-10 05:53:31.776102
2026-08-10 11:00:00,standby,0.0,2716.063803238105,5.0,,2716.063803238105,3470.0,True,0.0,,,,,2026-08-10 05:55:29.984317,2026-08-10 05:53:31.776103
2026-08-10 12:00:00,buy,1000.0,1735.025075604374,5.0,,1821.7763293845928,2767.0,False,0.0,2663.62,,,,2026-08-10 05:55:30.166367,2026-08-10 05:53:31.776103
2026-08-10 13:00:00,buy,1000.0,1269.8970758708986,5.0,,1333.3919296644435,2499.0,False,0.0,2395.62,,,,2026-08-10 05:55:30.338000,2026-08-10 05:53:31.776103
2026-08-10 14:00:00,buy,1000.0,1016.2766956999392,5.0,,1067.0905304849362,2450.0,False,0.0,2346.62,,,,2026-08-10 05:55:30.507157,2026-08-10 05:53:31.776104
2026-08-10 15:00:00,buy,368.42105,1742.0073973981193,5.0,,1829.1077672680253,3110.0,False,0.0,3006.62,,,,2026-08-10 05:55:30.674439,2026-08-10 05:53:31.776104
2026-08-10 16:00:00,standby,0.0,3804.008295540774,5.0,,3804.008295540774,4600.0,True,0.0,,,,,2026-08-10 05:55:30.674479,2026-08-10 05:53:31.776105
2026-08-10 17:00:00,standby,0.0,6076.256653662174,5.0,,6076.256653662174,6949.0,True,0.0,,,,,2026-08-10 05:55:30.674491,2026-08-10 05:53:31.776105
2026-08-10 18:00:00,standby,0.0,10195.501546333302,5.0,,10195.501546333302,10195.0,True,0.0,,,,,2026-08-10 05:55:30.674505,2026-08-10 05:53:31.776106
2026-08-10 19:00:00,standby,0.0,11681.465825197769,5.0,,11681.465825197769,12471.0,True,0.0,,,,,2026-08-10 05:55:30.674516,2026-08-10 05:53:31.776106
2026-08-10 20:00:00,sell,1000.0,12452.064135794591,5.0,,11829.460929004861,14971.4,True,13771.4,,,,,2026-08-10 05:55:30.674533,2026-08-10 05:53:31.776106
2026-08-10 21:00:00,sell,1000.0,12935.662913406359,5.0,,12288.87976773604,14950.2,True,13750.2,,,,,2026-08-10 05:55:30.674548,2026-08-10 05:53:31.776107
2026-08-10 22:00:00,sell,1000.0,12086.542725365056,5.0,,11482.215589096802,11964.0,True,10764.0,,,,,2026-08-10 05:55:30.674563,2026-08-10 05:53:31.776107
2026-08-10 23:00:00,sell,40.0,11982.614516797608,5.0,,11383.483790957727,10600.0,False,0.0,10496.62,,,,2026-08-10 05:55:30.846383,2026-08-10 05:53:31.776108
2026-08-11 00:00:00,standby,0.0,9689.017633762805,5.0,,9689.017633762805,14978.91,True,0.0,,,,,2026-08-10 13:57:17.819439,2026-08-10 05:53:17.186058
2026-08-11 01:00:00,standby,0.0,8461.8703041907,5.0,,8461.8703041907,9320.0,True,0.0,,,,,2026-08-10 13:57:17.819452,2026-08-10 05:53:17.186061
2026-08-11 02:00:00,standby,0.0,7253.382951474457,5.0,,7253.382951474457,8281.39,True,0.0,,,,,2026-08-10 13:57:17.819475,2026-08-10 05:53:17.186062
2026-08-11 03:00:00,standby,0.0,6944.815094126052,5.0,,6944.815094126052,7938.0,True,0.0,,,,,2026-08-10 13:57:17.819485,2026-08-10 05:53:17.186063
2026-08-11 04:00:00,standby,0.0,7108.6120455054315,5.0,,7108.6120455054315,7990.0,True,0.0,,,,,2026-08-10 13:57:17.819495,2026-08-10 05:53:17.186064
2026-08-11 05:00:00,standby,0.0,7253.424072470678,5.0,,7253.424072470678,8067.0,True,0.0,,,,,2026-08-10 13:57:17.819504,2026-08-10 05:53:17.186064
2026-08-11 06:00:00,standby,0.0,8877.949741401311,5.0,,8877.949741401311,9037.0,True,0.0,,,,,2026-08-10 13:57:17.819513,2026-08-10 05:53:17.186065
2026-08-11 07:00:00,standby,0.0,9150.508911856026,5.0,,9150.508911856026,9184.0,True,0.0,,,,,2026-08-10 13:57:17.819522,2026-08-10 05:53:17.186065
2026-08-11 08:00:00,standby,0.0,9049.463572881581,5.0,,9049.463572881581,8000.0,True,0.0,,,,,2026-08-10 13:57:17.819531,2026-08-10 05:53:17.186066
2026-08-11 09:00:00,standby,0.0,7234.209132109354,5.0,,7234.209132109354,5380.0,True,0.0,,,,,2026-08-10 13:57:17.819540,2026-08-10 05:53:17.186066
2026-08-11 10:00:00,standby,0.0,4066.7565672255314,5.0,,4066.7565672255314,4280.0,True,0.0,,,,,2026-08-10 13:57:17.819549,2026-08-10 05:53:17.186067
2026-08-11 11:00:00,standby,0.0,3121.2072040800117,5.0,,3121.2072040800117,3442.0,True,0.0,,,,,2026-08-10 13:57:17.819558,2026-08-10 05:53:17.186067
2026-08-11 12:00:00,buy,368.42105,3082.801535521446,5.0,,3236.9416122975185,2960.0,True,-1913.2620915969997,,,,,2026-08-10 13:57:17.819579,2026-08-10 05:53:17.186067
2026-08-11 13:00:00,buy,1000.0,2747.168535527265,5.0,,2884.5269623036284,2460.0,True,-4693.139999999999,,,,,2026-08-10 13:57:17.819594,2026-08-10 05:53:17.186068
2026-08-11 14:00:00,buy,1000.0,2864.283739287736,5.0,,3007.497926252123,2369.0,True,-4602.14,,,,,2026-08-10 13:57:17.819608,2026-08-10 05:53:17.186068
2026-08-11 15:00:00,buy,1000.0,2656.7224750824844,5.0,,2789.558598836609,4280.0,False,0.0,4176.62,,,,2026-08-10 13:57:17.980167,2026-08-10 05:53:17.186069
2026-08-11 16:00:00,standby,0.0,4622.778037219044,5.0,,4622.778037219044,5673.33,True,0.0,,,,,2026-08-10 13:57:17.980186,2026-08-10 05:53:17.186069
2026-08-11 17:00:00,standby,0.0,7417.959970860982,5.0,,7417.959970860982,7633.29,True,0.0,,,,,2026-08-10 13:57:17.980196,2026-08-10 05:53:17.186070
2026-08-11 18:00:00,standby,0.0,10695.894519717094,5.0,,10695.894519717094,9892.0,True,0.0,,,,,2026-08-10 13:57:17.980208,2026-08-10 05:53:17.186070
2026-08-11 19:00:00,sell,40.0,11099.904280114684,5.0,,10544.90906610895,11999.0,True,431.96000000000004,,,,,2026-08-10 13:57:17.980222,2026-08-10 05:53:17.186071
2026-08-11 20:00:00,sell,1000.0,12823.914467959374,5.0,,12182.718744561404,12954.0,True,11754.0,,,,,2026-08-10 13:57:17.980234,2026-08-10 05:53:17.186071
2026-08-11 21:00:00,sell,1000.0,13442.497363718474,5.0,,12770.372495532549,12764.0,False,0.0,12660.62,,,,2026-08-10 13:57:18.126418,2026-08-10 05:53:17.186072
2026-08-11 22:00:00,sell,1000.0,11614.67282046474,5.0,,11033.939179441502,11500.0,True,10300.0,,,,,2026-08-10 13:57:18.126445,2026-08-10 05:53:17.186072
2026-08-11 23:00:00,standby,0.0,10225.162529222018,5.0,,10225.162529222018,11040.24,True,0.0,,,,,2026-08-10 13:57:18.126454,2026-08-10 05:53:17.186072
2026-08-12 00:00:00,standby,0.0,11289.111976541208,5.0,,11289.111976541208,9500.0,True,0.0,,,,,2026-08-11 11:18:10.290710,2026-08-11 05:14:38.572765
2026-08-12 01:00:00,standby,0.0,8938.184261607088,5.0,,8938.184261607088,7500.0,True,0.0,,,,,2026-08-11 11:18:10.290721,2026-08-11 05:14:38.572768
2026-08-12 02:00:00,standby,0.0,7366.440555737648,5.0,,7366.440555737648,7500.0,True,0.0,,,,,2026-08-11 11:18:10.290730,2026-08-11 05:14:38.572768
2026-08-12 03:00:00,standby,0.0,7143.542538734184,5.0,,7143.542538734184,6600.0,True,0.0,,,,,2026-08-11 11:18:10.290737,2026-08-11 05:14:38.572769
2026-08-12 04:00:00,standby,0.0,6825.674976441219,5.0,,6825.674976441219,5500.0,True,0.0,,,,,2026-08-11 11:18:10.290746,2026-08-11 05:14:38.572769
2026-08-12 05:00:00,standby,0.0,7047.63505898215,5.0,,7047.63505898215,6500.0,True,0.0,,,,,2026-08-11 11:18:10.290753,2026-08-11 05:14:38.572770
2026-08-12 06:00:00,standby,0.0,8586.413588951153,5.0,,8586.413588951153,7500.0,True,0.0,,,,,2026-08-11 11:18:10.290761,2026-08-11 05:14:38.572770
2026-08-12 07:00:00,standby,0.0,9588.61160764963,5.0,,9588.61160764963,7485.0,True,0.0,,,,,2026-08-11 11:18:10.290768,2026-08-11 05:14:38.572771
2026-08-12 08:00:00,standby,0.0,8044.741163100884,5.0,,8044.741163100884,5725.0,True,0.0,,,,,2026-08-11 11:18:10.290775,2026-08-11 05:14:38.572771
2026-08-12 09:00:00,standby,0.0,5631.5471256740375,5.0,,5631.5471256740375,3862.0,True,0.0,,,,,2026-08-11 11:18:10.290782,2026-08-11 05:14:38.572771
2026-08-12 10:00:00,standby,0.0,4313.652615372151,5.0,,4313.652615372151,500.0,True,0.0,,,,,2026-08-11 11:18:10.290789,2026-08-11 05:14:38.572772
2026-08-12 11:00:00,standby,0.0,3275.849394653235,5.0,,3275.849394653235,500.0,True,0.0,,,,,2026-08-11 11:18:10.290796,2026-08-11 05:14:38.572772
2026-08-12 12:00:00,buy,1000.0,2799.4905566832176,5.0,,2939.4650845173787,487.0,True,-2720.1400000000003,,,,,2026-08-11 11:18:10.290813,2026-08-11 05:14:38.572773
2026-08-12 13:00:00,buy,1000.0,2289.329182251598,5.0,,2403.795641364178,487.0,True,-2720.1400000000003,,,,,2026-08-11 11:18:10.290826,2026-08-11 05:14:38.572773
2026-08-12 14:00:00,buy,1000.0,2394.5013282785453,5.0,,2514.2263946924727,487.0,True,-2720.1400000000003,,,,,2026-08-11 11:18:10.290839,2026-08-11 05:14:38.572773
2026-08-12 15:00:00,buy,368.42105,2883.133228985151,5.0,,3027.289890434409,500.0,True,-1006.946308597,,,,,2026-08-11 11:18:10.290851,2026-08-11 05:14:38.572774
2026-08-12 16:00:00,standby,0.0,3318.26885053179,5.0,,3318.26885053179,1957.0,True,0.0,,,,,2026-08-11 11:18:10.290858,2026-08-11 05:14:38.572774
2026-08-12 17:00:00,standby,0.0,6007.637843768279,5.0,,6007.637843768279,3745.0,True,0.0,,,,,2026-08-11 11:18:10.290866,2026-08-11 05:14:38.572775
2026-08-12 18:00:00,standby,0.0,9949.431003823245,5.0,,9949.431003823245,7100.0,True,0.0,,,,,2026-08-11 11:18:10.290874,2026-08-11 05:14:38.572775
2026-08-12 19:00:00,standby,0.0,10689.947745340241,5.0,,10689.947745340241,10014.0,True,0.0,,,,,2026-08-11 11:18:10.290881,2026-08-11 05:14:38.572775
2026-08-12 20:00:00,sell,40.0,11454.218633058768,5.0,,10881.50770140583,9500.0,False,0.0,9397.61,,,,2026-08-11 11:18:10.447140,2026-08-11 05:14:38.572776
2026-08-12 21:00:00,sell,1000.0,12631.263978124703,5.0,,11999.700779218469,10800.0,False,0.0,10697.61,,,,2026-08-11 11:18:10.618303,2026-08-11 05:14:38.572776
2026-08-12 22:00:00,sell,1000.0,11656.038387576642,5.0,,11073.236468197809,9499.0,False,0.0,9396.61,,,,2026-08-11 11:18:10.778555,2026-08-11 05:14:38.572777
2026-08-12 23:00:00,sell,1000.0,11495.9349323981,5.0,,10921.138185778194,9500.0,False,0.0,9397.61,,,,2026-08-11 11:18:10.938684,2026-08-11 05:14:38.572777
2026-08-13 00:00:00,standby,0.0,9368.143104025106,5.0,,9368.143104025106,7999.0,True,0.0,,,,,2026-08-12 11:59:09.608360,2026-08-12 05:17:42.633960
2026-08-13 01:00:00,standby,0.0,7929.229355930735,5.0,,7929.229355930735,6600.0,True,0.0,,,,,2026-08-12 11:59:09.608374,2026-08-12 05:17:42.633964
2026-08-13 02:00:00,standby,0.0,7981.803101960434,5.0,,7981.803101960434,6575.0,True,0.0,,,,,2026-08-12 11:59:09.608383,2026-08-12 05:17:42.633964
2026-08-13 03:00:00,standby,0.0,7539.623450800238,5.0,,7539.623450800238,6500.0,True,0.0,,,,,2026-08-12 11:59:09.608393,2026-08-12 05:17:42.633965
2026-08-13 04:00:00,standby,0.0,6606.027051014919,5.0,,6606.027051014919,6600.0,True,0.0,,,,,2026-08-12 11:59:09.608402,2026-08-12 05:17:42.633966
2026-08-13 05:00:00,standby,0.0,7686.714731482033,5.0,,7686.714731482033,7500.0,True,0.0,,,,,2026-08-12 11:59:09.608411,2026-08-12 05:17:42.633966
2026-08-13 06:00:00,standby,0.0,7893.571431045254,5.0,,7893.571431045254,8977.0,True,0.0,,,,,2026-08-12 11:59:09.608420,2026-08-12 05:17:42.633967
2026-08-13 07:00:00,standby,0.0,8250.494844935341,5.0,,8250.494844935341,9263.0,True,0.0,,,,,2026-08-12 11:59:09.608430,2026-08-12 05:17:42.633967
2026-08-13 08:00:00,standby,0.0,6522.73687828124,5.0,,6522.73687828124,6600.0,True,0.0,,,,,2026-08-12 11:59:09.608439,2026-08-12 05:17:42.633968
2026-08-13 09:00:00,standby,0.0,5034.148332072661,5.0,,5034.148332072661,3450.0,True,0.0,,,,,2026-08-12 11:59:09.608448,2026-08-12 05:17:42.633968
2026-08-13 10:00:00,standby,0.0,2056.92108121064,5.0,,2056.92108121064,1215.0,True,0.0,,,,,2026-08-12 11:59:09.608472,2026-08-12 05:17:42.633969
2026-08-13 11:00:00,standby,0.0,1613.2386371641442,5.0,,1613.2386371641442,500.0,True,0.0,,,,,2026-08-12 11:59:09.608481,2026-08-12 05:17:42.633969
2026-08-13 12:00:00,buy,1000.0,1207.9365636021046,5.0,,1268.33339178221,486.0,True,-2719.1400000000003,,,,,2026-08-12 11:59:09.608506,2026-08-12 05:17:42.633969
2026-08-13 13:00:00,buy,1000.0,1073.888829466171,5.0,,1127.5832709394797,500.0,True,-2733.1400000000003,,,,,2026-08-12 11:59:09.608521,2026-08-12 05:17:42.633970
2026-08-13 14:00:00,buy,1000.0,1068.4208424779288,5.0,,1121.8418846018253,500.0,True,-2733.1400000000003,,,,,2026-08-12 11:59:09.608535,2026-08-12 05:17:42.633970
2026-08-13 15:00:00,buy,368.42105,1226.4939293279135,5.0,,1287.8186257943094,1940.0,False,0.0,1834.9900000000002,,,,2026-08-12 11:59:09.792907,2026-08-12 05:17:42.633971
2026-08-13 16:00:00,standby,0.0,2568.047496570183,5.0,,2568.047496570183,4599.0,True,0.0,,,,,2026-08-12 11:59:09.792927,2026-08-12 05:17:42.633971
2026-08-13 17:00:00,standby,0.0,5007.207528218463,5.0,,5007.207528218463,6499.0,True,0.0,,,,,2026-08-12 11:59:09.792936,2026-08-12 05:17:42.633972
2026-08-13 18:00:00,standby,0.0,7761.726336376449,5.0,,7761.726336376449,8840.0,True,0.0,,,,,2026-08-12 11:59:09.792949,2026-08-12 05:17:42.633972
2026-08-13 19:00:00,sell,1000.0,10271.164638777234,5.0,,9757.606406838373,10741.0,True,9541.0,,,,,2026-08-12 11:59:09.792963,2026-08-12 05:17:42.633973
2026-08-13 20:00:00,sell,1000.0,10697.953224849556,5.0,,10163.055563607079,11785.0,True,10585.0,,,,,2026-08-12 11:59:09.792976,2026-08-12 05:17:42.633973
2026-08-13 21:00:00,sell,1000.0,10798.124925345519,5.0,,10258.218679078242,12307.1,True,11107.1,,,,,2026-08-12 11:59:09.792988,2026-08-12 05:17:42.633974
2026-08-13 22:00:00,standby,0.0,9824.899286443546,5.0,,9824.899286443546,11300.0,True,0.0,,,,,2026-08-12 11:59:09.792997,2026-08-12 05:17:42.633974
2026-08-13 23:00:00,sell,40.0,10147.090893288469,5.0,,9639.736348624045,10000.0,True,352.0,,,,,2026-08-12 11:59:09.793008,2026-08-12 05:17:42.633975
2026-08-14 00:00:00,standby,0.0,8620.543082561842,5.0,,8620.543082561842,14973.65,True,0.0,,,,,2026-08-14 05:13:59.916016,2026-08-13 04:59:49.399068
2026-08-14 01:00:00,standby,0.0,7648.208789249446,5.0,,7648.208789249446,9499.0,True,0.0,,,,,2026-08-14 05:13:59.916030,2026-08-13 04:59:49.399071
2026-08-14 02:00:00,standby,0.0,7507.5441005432185,5.0,,7507.5441005432185,8660.77,True,0.0,,,,,2026-08-14 05:13:59.916041,2026-08-13 04:59:49.399071
2026-08-14 03:00:00,standby,0.0,6871.846033659229,5.0,,6871.846033659229,8433.0,True,0.0,,,,,2026-08-14 05:13:59.916052,2026-08-13 04:59:49.399072
2026-08-14 04:00:00,standby,0.0,6781.984484037936,5.0,,6781.984484037936,8381.98,True,0.0,,,,,2026-08-14 05:13:59.916062,2026-08-13 04:59:49.399073
2026-08-14 05:00:00,standby,0.0,7386.790994194515,5.0,,7386.790994194515,8700.0,True,0.0,,,,,2026-08-14 05:13:59.916072,2026-08-13 04:59:49.399073
2026-08-14 06:00:00,standby,0.0,8496.170744033501,5.0,,8496.170744033501,9348.0,True,0.0,,,,,2026-08-14 05:13:59.916082,2026-08-13 04:59:49.399074
2026-08-14 07:00:00,standby,0.0,10397.299383475933,5.0,,10397.299383475933,10165.0,True,0.0,,,,,2026-08-14 05:13:59.916091,2026-08-13 04:59:49.399074
2026-08-14 08:00:00,standby,0.0,7110.74711407415,5.0,,7110.74711407415,9581.54,True,0.0,,,,,2026-08-14 05:13:59.916101,2026-08-13 04:59:49.399075
2026-08-14 09:00:00,standby,0.0,4438.210172316182,5.0,,4438.210172316182,6500.0,True,0.0,,,,,2026-08-14 05:13:59.916110,2026-08-13 04:59:49.399075
2026-08-14 10:00:00,standby,0.0,2316.4603176545234,5.0,,2316.4603176545234,2888.0,True,0.0,,,,,2026-08-14 05:13:59.916119,2026-08-13 04:59:49.399076
2026-08-14 11:00:00,buy,368.42105,1203.6419727862813,5.0,,1263.8240714255953,5000.0,False,0.0,4892.655,,,,2026-08-14 05:14:00.111134,2026-08-13 04:59:49.399076
2026-08-14 12:00:00,buy,1000.0,1046.0625631210353,5.0,,1098.365691277087,3999.0,False,0.0,3891.655,,,,2026-08-14 05:14:00.275629,2026-08-13 04:59:49.399077
2026-08-14 13:00:00,buy,1000.0,975.6073654245665,5.0,,1024.3877336957949,3599.0,False,0.0,3491.655,,,,2026-08-14 05:14:00.461659,2026-08-13 04:59:49.399077
2026-08-14 14:00:00,buy,1000.0,933.9892922487008,5.0,,980.688756861136,2999.0,False,0.0,2891.655,,,,2026-08-14 05:14:00.633799,2026-08-13 04:59:49.399077
2026-08-14 15:00:00,standby,0.0,1664.8923481597758,5.0,,1664.8923481597758,4787.0,True,0.0,,,,,2026-08-14 05:14:00.633822,2026-08-13 04:59:49.399078
2026-08-14 16:00:00,standby,0.0,3220.862243071693,5.0,,3220.862243071693,5500.0,True,0.0,,,,,2026-08-14 05:14:00.633833,2026-08-13 04:59:49.399078
2026-08-14 17:00:00,standby,0.0,5768.789887251892,5.0,,5768.789887251892,6387.98,True,0.0,,,,,2026-08-14 05:14:00.633844,2026-08-13 04:59:49.399079
2026-08-14 18:00:00,standby,0.0,7106.531562392648,5.0,,7106.531562392648,8569.3,True,0.0,,,,,2026-08-14 05:14:00.633859,2026-08-13 04:59:49.399079
2026-08-14 19:00:00,standby,0.0,9163.274095629049,5.0,,9163.274095629049,11149.0,True,0.0,,,,,2026-08-14 05:14:00.633869,2026-08-13 04:59:49.399080
2026-08-14 20:00:00,sell,1000.0,10302.896154278247,5.0,,9787.751346564335,14899.0,True,13699.0,,,,,2026-08-14 05:14:00.633885,2026-08-13 04:59:49.399080
2026-08-14 21:00:00,sell,1000.0,11602.082676133432,5.0,,11021.97854232676,14899.0,True,13699.0,,,,,2026-08-14 05:14:00.633899,2026-08-13 04:59:49.399081
2026-08-14 22:00:00,sell,1000.0,10826.241559111642,5.0,,10284.92948115606,12849.0,True,11649.0,,,,,2026-08-14 05:14:00.633914,2026-08-13 04:59:49.399081
2026-08-14 23:00:00,sell,40.0,10100.073986146068,5.0,,9595.070286838763,10866.0,True,386.64,,,,,2026-08-14 05:14:00.633928,2026-08-13 04:59:49.399081
2026-08-15 00:00:00,standby,0.0,12912.78223659569,5.0,,12912.78223659569,14975.29,True,0.0,,,,,2026-08-14 11:26:43.871500,2026-08-14 05:13:49.311825
2026-08-15 01:00:00,standby,0.0,9568.92250775965,5.0,,9568.92250775965,9266.0,True,0.0,,,,,2026-08-14 11:26:43.871516,2026-08-14 05:13:49.311829
2026-08-15 02:00:00,standby,0.0,7950.973001455416,5.0,,7950.973001455416,8891.62,True,0.0,,,,,2026-08-14 11:26:43.871528,2026-08-14 05:13:49.311830
2026-08-15 03:00:00,standby,0.0,7815.836169344382,5.0,,7815.836169344382,8546.68,True,0.0,,,,,2026-08-14 11:26:43.871537,2026-08-14 05:13:49.311830
2026-08-15 04:00:00,standby,0.0,7815.508751964459,5.0,,7815.508751964459,8364.0,True,0.0,,,,,2026-08-14 11:26:43.871545,2026-08-14 05:13:49.311831
2026-08-15 05:00:00,standby,0.0,8215.24869399408,5.0,,8215.24869399408,8100.0,True,0.0,,,,,2026-08-14 11:26:43.871553,2026-08-14 05:13:49.311831
2026-08-15 06:00:00,standby,0.0,9278.365758375401,5.0,,9278.365758375401,7950.9,True,0.0,,,,,2026-08-14 11:26:43.871560,2026-08-14 05:13:49.311831
2026-08-15 07:00:00,standby,0.0,9846.668926111084,5.0,,9846.668926111084,8000.0,True,0.0,,,,,2026-08-14 11:26:43.871567,2026-08-14 05:13:49.311832
2026-08-15 08:00:00,standby,0.0,9648.50090884003,5.0,,9648.50090884003,6000.0,True,0.0,,,,,2026-08-14 11:26:43.871574,2026-08-14 05:13:49.311832
2026-08-15 09:00:00,standby,0.0,5548.006262308226,5.0,,5548.006262308226,2450.0,True,0.0,,,,,2026-08-14 11:26:43.871581,2026-08-14 05:13:49.311833
2026-08-15 10:00:00,standby,0.0,3575.0626782052695,5.0,,3575.0626782052695,983.0,True,0.0,,,,,2026-08-14 11:26:43.871587,2026-08-14 05:13:49.311833
2026-08-15 11:00:00,standby,0.0,3823.983871117966,5.0,,3823.983871117966,869.0,True,0.0,,,,,2026-08-14 11:26:43.871594,2026-08-14 05:13:49.311833
2026-08-15 12:00:00,standby,0.0,3142.8733945536947,5.0,,3142.8733945536947,499.0,True,0.0,,,,,2026-08-14 11:26:43.871601,2026-08-14 05:13:49.311834
2026-08-15 13:00:00,buy,1000.0,2659.9191348003537,5.0,,2792.9150915403716,470.0,True,-2703.1400000000003,,,,,2026-08-14 11:26:43.871624,2026-08-14 05:13:49.311834
2026-08-15 14:00:00,buy,1000.0,2331.741596939777,5.0,,2448.328676786766,249.0,True,-2482.1400000000003,,,,,2026-08-14 11:26:43.871638,2026-08-14 05:13:49.311835
2026-08-15 15:00:00,buy,1000.0,2743.1465535936177,5.0,,2880.303881273299,470.0,True,-2703.1400000000003,,,,,2026-08-14 11:26:43.871650,2026-08-14 05:13:49.311835
2026-08-15 16:00:00,buy,368.42105,3075.0449607768733,5.0,,3228.797208815717,700.01,True,-1080.6342028075,,,,,2026-08-14 11:26:43.871663,2026-08-14 05:13:49.311835
2026-08-15 17:00:00,standby,0.0,4362.537072810497,5.0,,4362.537072810497,2664.0,True,0.0,,,,,2026-08-14 11:26:43.871670,2026-08-14 05:13:49.311836
2026-08-15 18:00:00,standby,0.0,7261.807629517486,5.0,,7261.807629517486,6800.0,True,0.0,,,,,2026-08-14 11:26:43.871679,2026-08-14 05:13:49.311836
2026-08-15 19:00:00,standby,0.0,9467.206793126228,5.0,,9467.206793126228,9201.0,True,0.0,,,,,2026-08-14 11:26:43.871686,2026-08-14 05:13:49.311837
2026-08-15 20:00:00,sell,1000.0,11643.455455510042,5.0,,11061.28268273454,10300.0,False,0.0,10192.655,,,,2026-08-14 11:26:44.036026,2026-08-14 05:13:49.311837
2026-08-15 21:00:00,sell,1000.0,12819.09628188864,5.0,,12178.141467794207,10944.0,False,0.0,10836.655,,,,2026-08-14 11:26:44.193053,2026-08-14 05:13:49.311837
2026-08-15 22:00:00,sell,1000.0,11958.396104004445,5.0,,11360.476298804222,10687.0,False,0.0,10579.655,,,,2026-08-14 11:26:44.426640,2026-08-14 05:13:49.311838
2026-08-15 23:00:00,sell,40.0,10248.295300299931,5.0,,9735.880535284934,9999.0,True,351.96000000000004,,,,,2026-08-14 11:26:44.426672,2026-08-14 05:13:49.311838
2026-08-16 00:00:00,standby,0.0,11672.51484816016,5.0,,11672.51484816016,10500.0,True,0.0,,,,,2026-08-17 09:35:39.048447,2026-08-17 09:35:26.535422
2026-08-16 01:00:00,standby,0.0,8786.645239001235,5.0,,8786.645239001235,8872.0,True,0.0,,,,,2026-08-17 09:35:39.048476,2026-08-17 09:35:26.535425
2026-08-16 02:00:00,standby,0.0,7713.349739992355,5.0,,7713.349739992355,7892.62,True,0.0,,,,,2026-08-17 09:35:39.048485,2026-08-17 09:35:26.535426
2026-08-16 03:00:00,standby,0.0,7446.129712725121,5.0,,7446.129712725121,7500.0,True,0.0,,,,,2026-08-17 09:35:39.048495,2026-08-17 09:35:26.535427
2026-08-16 04:00:00,standby,0.0,7368.410251154544,5.0,,7368.410251154544,7365.0,True,0.0,,,,,2026-08-17 09:35:39.048504,2026-08-17 09:35:26.535427
2026-08-16 05:00:00,standby,0.0,7352.938651439832,5.0,,7352.938651439832,6700.0,True,0.0,,,,,2026-08-17 09:35:39.048513,2026-08-17 09:35:26.535428
2026-08-16 06:00:00,standby,0.0,7359.984697641385,5.0,,7359.984697641385,7400.0,True,0.0,,,,,2026-08-17 09:35:39.048522,2026-08-17 09:35:26.535428
2026-08-16 07:00:00,standby,0.0,6806.438336295164,5.0,,6806.438336295164,5450.0,True,0.0,,,,,2026-08-17 09:35:39.048530,2026-08-17 09:35:26.535429
2026-08-16 08:00:00,standby,0.0,4268.968890878134,5.0,,4268.968890878134,2900.0,True,0.0,,,,,2026-08-17 09:35:39.048539,2026-08-17 09:35:26.535430
2026-08-16 09:00:00,standby,0.0,2825.4486989495726,5.0,,2825.4486989495726,100.0,True,0.0,,,,,2026-08-17 09:35:39.048548,2026-08-17 09:35:26.535430
2026-08-16 10:00:00,standby,0.0,1215.006117532258,5.0,,1215.006117532258,10.0,True,0.0,,,,,2026-08-17 09:35:39.048557,2026-08-17 09:35:26.535431
2026-08-16 11:00:00,standby,0.0,824.0942837577709,5.0,,824.0942837577709,15.0,True,0.0,,,,,2026-08-17 09:35:39.048565,2026-08-17 09:35:26.535431
2026-08-16 12:00:00,buy,368.42105,439.69627234763266,5.0,,461.6810859650143,43.0,True,-838.5778887470001,,,,,2026-08-17 09:35:39.048594,2026-08-17 09:35:26.535432
2026-08-16 13:00:00,buy,1000.0,403.41756603017217,5.0,,423.5884443316808,43.0,True,-2276.1400000000003,,,,,2026-08-17 09:35:39.048609,2026-08-17 09:35:26.535432
2026-08-16 14:00:00,buy,1000.0,296.8426311001602,5.0,,311.6847626551682,10.0,True,-2243.14,,,,,2026-08-17 09:35:39.048623,2026-08-17 09:35:26.535432
2026-08-16 15:00:00,buy,1000.0,317.87813580372085,5.0,,333.7720425939069,10.0,True,-2243.14,,,,,2026-08-17 09:35:39.048637,2026-08-17 09:35:26.535433
2026-08-16 16:00:00,standby,0.0,1036.8866934880393,5.0,,1036.8866934880393,395.0,True,0.0,,,,,2026-08-17 09:35:39.048646,2026-08-17 09:35:26.535433
2026-08-16 17:00:00,standby,0.0,2417.996735170327,5.0,,2417.996735170327,4000.0,True,0.0,,,,,2026-08-17 09:35:39.048655,2026-08-17 09:35:26.535434
2026-08-16 18:00:00,standby,0.0,5783.5766241865595,5.0,,5783.5766241865595,7567.0,True,0.0,,,,,2026-08-17 09:35:39.048665,2026-08-17 09:35:26.535434
2026-08-16 19:00:00,standby,0.0,8301.073943813226,5.0,,8301.073943813226,9787.0,True,0.0,,,,,2026-08-17 09:35:39.048674,2026-08-17 09:35:26.535435
2026-08-16 20:00:00,sell,40.0,9147.86507426495,5.0,,8690.471820551702,10598.94,True,375.9576,,,,,2026-08-17 09:35:39.048696,2026-08-17 09:35:26.535435
2026-08-16 21:00:00,sell,1000.0,10491.390020488845,5.0,,9966.820519464402,11231.0,True,10031.0,,,,,2026-08-17 09:35:39.048720,2026-08-17 09:35:26.535436
2026-08-16 22:00:00,sell,1000.0,9642.885251297956,5.0,,9160.740988733058,11013.0,True,9813.0,,,,,2026-08-17 09:35:39.048738,2026-08-17 09:35:26.535436
2026-08-16 23:00:00,sell,1000.0,9748.666269909749,5.0,,9261.23295641426,10300.0,True,9100.0,,,,,2026-08-17 09:35:39.048753,2026-08-17 09:35:26.535436
2026-08-17 00:00:00,standby,0.0,10244.119126138803,5.0,,10244.119126138803,14971.1,True,0.0,,,,,2026-08-17 09:36:08.044759,2026-08-17 09:36:01.493765
2026-08-17 01:00:00,standby,0.0,7567.030267667741,5.0,,7567.030267667741,9738.0,True,0.0,,,,,2026-08-17 09:36:08.044772,2026-08-17 09:36:01.493768
2026-08-17 02:00:00,standby,0.0,7195.315277758306,5.0,,7195.315277758306,7800.0,True,0.0,,,,,2026-08-17 09:36:08.044782,2026-08-17 09:36:01.493768
2026-08-17 03:00:00,standby,0.0,6642.475359528707,5.0,,6642.475359528707,7500.0,True,0.0,,,,,2026-08-17 09:36:08.044791,2026-08-17 09:36:01.493769
2026-08-17 04:00:00,standby,0.0,6695.096948824529,5.0,,6695.096948824529,7700.0,True,0.0,,,,,2026-08-17 09:36:08.044800,2026-08-17 09:36:01.493770
2026-08-17 05:00:00,standby,0.0,7000.079299768146,5.0,,7000.079299768146,8940.43,True,0.0,,,,,2026-08-17 09:36:08.044809,2026-08-17 09:36:01.493770
2026-08-17 06:00:00,standby,0.0,8244.19294088574,5.0,,8244.19294088574,9722.0,True,0.0,,,,,2026-08-17 09:36:08.044818,2026-08-17 09:36:01.493771
2026-08-17 07:00:00,standby,0.0,8455.962209648684,5.0,,8455.962209648684,10565.0,True,0.0,,,,,2026-08-17 09:36:08.044827,2026-08-17 09:36:01.493771
2026-08-17 08:00:00,standby,0.0,7491.56690948691,5.0,,7491.56690948691,10100.0,True,0.0,,,,,2026-08-17 09:36:08.044835,2026-08-17 09:36:01.493772
2026-08-17 09:00:00,standby,0.0,5874.241873102962,5.0,,5874.241873102962,5843.0,True,0.0,,,,,2026-08-17 09:36:08.044844,2026-08-17 09:36:01.493772
2026-08-17 10:00:00,standby,0.0,4110.347174778624,5.0,,4110.347174778624,3550.0,True,0.0,,,,,2026-08-17 09:36:08.044853,2026-08-17 09:36:01.493773
2026-08-17 11:00:00,buy,368.42105,3212.9783849709765,5.0,,3373.6273042195257,3007.0,True,-1930.577880947,,,,,2026-08-17 09:36:08.044874,2026-08-17 09:36:01.493773
2026-08-17 12:00:00,buy,1000.0,2651.2551990938887,5.0,,2783.8179590485834,2507.0,True,-4740.14,,,,,2026-08-17 09:36:08.044890,2026-08-17 09:36:01.493773
2026-08-17 13:00:00,buy,1000.0,2310.055279166225,5.0,,2425.558043124536,2832.0,False,0.0,2691.7,,,,2026-08-17 09:36:08.211687,2026-08-17 09:36:01.493774
2026-08-17 14:00:00,buy,1000.0,2603.8263084990235,5.0,,2734.017623923975,2007.0,True,-4240.14,,,,,2026-08-17 09:36:08.211713,2026-08-17 09:36:01.493774
2026-08-17 15:00:00,standby,0.0,3328.636641376144,5.0,,3328.636641376144,5844.0,True,0.0,,,,,2026-08-17 09:36:08.211722,2026-08-17 09:36:01.493775
2026-08-17 16:00:00,standby,0.0,4438.027851005949,5.0,,4438.027851005949,7500.0,True,0.0,,,,,2026-08-17 09:36:08.211731,2026-08-17 09:36:01.493775
2026-08-17 17:00:00,standby,0.0,7388.473848787919,5.0,,7388.473848787919,8716.0,True,0.0,,,,,2026-08-17 09:36:08.211739,2026-08-17 09:36:01.493776
2026-08-17 18:00:00,standby,0.0,9877.728259920197,5.0,,9877.728259920197,11500.0,True,0.0,,,,,2026-08-17 09:36:08.211751,2026-08-17 09:36:01.493776
2026-08-17 19:00:00,sell,40.0,13066.97965756778,5.0,,12413.63067468939,12434.0,True,449.35999999999996,,,,,2026-08-17 09:36:08.211764,2026-08-17 09:36:01.493777
2026-08-17 20:00:00,sell,1000.0,13361.492545391446,5.0,,12693.417918121873,14413.0,True,13213.0,,,,,2026-08-17 09:36:08.211776,2026-08-17 09:36:01.493777
2026-08-17 21:00:00,sell,1000.0,13845.242837255113,5.0,,13152.980695392356,13800.0,True,12600.0,,,,,2026-08-17 09:36:08.211788,2026-08-17 09:36:01.493778
2026-08-17 22:00:00,sell,1000.0,13121.896537789993,5.0,,12465.801710900492,12499.0,True,11299.0,,,,,2026-08-17 09:36:08.211801,2026-08-17 09:36:01.493778
2026-08-17 23:00:00,standby,0.0,11771.971353328907,5.0,,11771.971353328907,11999.0,True,0.0,,,,,2026-08-17 09:36:08.211809,2026-08-17 09:36:01.493779
2026-08-18 00:00:00,standby,0.0,12049.967341646263,5.0,,12049.967341646263,10500.0,True,0.0,,,,,2026-08-17 11:25:05.818571,2026-08-17 09:33:49.575759
2026-08-18 01:00:00,standby,0.0,10902.414803187467,5.0,,10902.414803187467,7600.0,True,0.0,,,,,2026-08-17 11:25:05.818585,2026-08-17 09:33:49.575762
2026-08-18 02:00:00,standby,0.0,8557.769606211223,5.0,,8557.769606211223,6600.0,True,0.0,,,,,2026-08-17 11:25:05.818594,2026-08-17 09:33:49.575763
2026-08-18 03:00:00,standby,0.0,8003.485740874531,5.0,,8003.485740874531,6575.0,True,0.0,,,,,2026-08-17 11:25:05.818603,2026-08-17 09:33:49.575763
2026-08-18 04:00:00,standby,0.0,8004.937002199429,5.0,,8004.937002199429,6574.0,True,0.0,,,,,2026-08-17 11:25:05.818613,2026-08-17 09:33:49.575764
2026-08-18 05:00:00,standby,0.0,8288.587943238475,5.0,,8288.587943238475,6500.0,True,0.0,,,,,2026-08-17 11:25:05.818622,2026-08-17 09:33:49.575764
2026-08-18 06:00:00,standby,0.0,10283.133931681785,5.0,,10283.133931681785,6574.0,True,0.0,,,,,2026-08-17 11:25:05.818631,2026-08-17 09:33:49.575765
2026-08-18 07:00:00,standby,0.0,10359.61398060294,5.0,,10359.61398060294,7901.0,True,0.0,,,,,2026-08-17 11:25:05.818640,2026-08-17 09:33:49.575765
2026-08-18 08:00:00,standby,0.0,10588.763774904097,5.0,,10588.763774904097,8000.0,True,0.0,,,,,2026-08-17 11:25:05.818649,2026-08-17 09:33:49.575766
2026-08-18 09:00:00,standby,0.0,5706.919610402661,5.0,,5706.919610402661,6650.0,True,0.0,,,,,2026-08-17 11:25:05.818658,2026-08-17 09:33:49.575766
2026-08-18 10:00:00,standby,0.0,4154.993164785221,5.0,,4154.993164785221,4999.0,True,0.0,,,,,2026-08-17 11:25:05.818667,2026-08-17 09:33:49.575767
2026-08-18 11:00:00,buy,368.42105,3728.801996154989,5.0,,3915.2420959627384,4600.0,False,0.0,4459.7,,,,2026-08-17 11:25:05.980426,2026-08-17 09:33:49.575767
2026-08-18 12:00:00,buy,1000.0,3482.1570637824866,5.0,,3656.264916971611,4599.0,False,0.0,4458.7,,,,2026-08-17 11:25:06.141537,2026-08-17 09:33:49.575768
2026-08-18 13:00:00,buy,1000.0,3118.336413657479,5.0,,3274.253234340353,4599.0,False,0.0,4458.7,,,,2026-08-17 11:25:06.303933,2026-08-17 09:33:49.575768
2026-08-18 14:00:00,buy,1000.0,2622.420203926573,5.0,,2753.5412141229017,4840.0,False,0.0,4699.7,,,,2026-08-17 11:25:06.468081,2026-08-17 09:33:49.575769
2026-08-18 15:00:00,standby,0.0,4545.763707112454,5.0,,4545.763707112454,6250.0,True,0.0,,,,,2026-08-17 11:25:06.468105,2026-08-17 09:33:49.575769
2026-08-18 16:00:00,standby,0.0,5480.23009559435,5.0,,5480.23009559435,5800.0,True,0.0,,,,,2026-08-17 11:25:06.468116,2026-08-17 09:33:49.575769
2026-08-18 17:00:00,standby,0.0,7345.142982720387,5.0,,7345.142982720387,7426.87,True,0.0,,,,,2026-08-17 11:25:06.468127,2026-08-17 09:33:49.575770
2026-08-18 18:00:00,standby,0.0,9949.553185090623,5.0,,9949.553185090623,10043.0,True,0.0,,,,,2026-08-17 11:25:06.468142,2026-08-17 09:33:49.575770
2026-08-18 19:00:00,standby,0.0,10414.88824389165,5.0,,10414.88824389165,11327.0,True,0.0,,,,,2026-08-17 11:25:06.468152,2026-08-17 09:33:49.575771
2026-08-18 20:00:00,sell,1000.0,11224.94970786346,5.0,,10663.702222470287,12099.0,True,10899.0,,,,,2026-08-17 11:25:06.468169,2026-08-17 09:33:49.575771
2026-08-18 21:00:00,sell,1000.0,11220.072211785884,5.0,,10659.06860119659,12200.0,True,11000.0,,,,,2026-08-17 11:25:06.468184,2026-08-17 09:33:49.575772
2026-08-18 22:00:00,sell,1000.0,11168.103134887766,5.0,,10609.697978143377,11500.0,True,10300.0,,,,,2026-08-17 11:25:06.468201,2026-08-17 09:33:49.575772
2026-08-18 23:00:00,sell,40.0,10976.064806392806,5.0,,10427.261566073164,10766.0,True,382.64,,,,,2026-08-17 11:25:06.468219,2026-08-17 09:33:49.575772
2026-08-19 00:00:00,standby,0.0,8729.008345288612,5.0,,8729.008345288612,6000.0,True,0.0,,,,,2026-08-18 12:43:49.149740,2026-08-18 05:47:00.994342
2026-08-19 01:00:00,standby,0.0,7402.209387150822,5.0,,7402.209387150822,9899.0,True,0.0,,,,,2026-08-18 12:43:49.149752,2026-08-18 05:47:00.994345
2026-08-19 02:00:00,standby,0.0,6842.253283471187,5.0,,6842.253283471187,7500.0,True,0.0,,,,,2026-08-18 12:43:49.149760,2026-08-18 05:47:00.994345
2026-08-19 03:00:00,standby,0.0,6271.54573268128,5.0,,6271.54573268128,7500.0,True,0.0,,,,,2026-08-18 12:43:49.149768,2026-08-18 05:47:00.994346
2026-08-19 04:00:00,standby,0.0,5977.128432021012,5.0,,5977.128432021012,7700.0,True,0.0,,,,,2026-08-18 12:43:49.149776,2026-08-18 05:47:00.994346
2026-08-19 05:00:00,standby,0.0,6451.620008024542,5.0,,6451.620008024542,8499.0,True,0.0,,,,,2026-08-18 12:43:49.149783,2026-08-18 05:47:00.994347
2026-08-19 06:00:00,standby,0.0,7081.530907002182,5.0,,7081.530907002182,9764.0,True,0.0,,,,,2026-08-18 12:43:49.149790,2026-08-18 05:47:00.994347
2026-08-19 07:00:00,standby,0.0,8288.826701633894,5.0,,8288.826701633894,10922.0,True,0.0,,,,,2026-08-18 12:43:49.149798,2026-08-18 05:47:00.994348
2026-08-19 08:00:00,standby,0.0,8357.0738582737,5.0,,8357.0738582737,10964.0,True,0.0,,,,,2026-08-18 12:43:49.149805,2026-08-18 05:47:00.994348
2026-08-19 09:00:00,standby,0.0,6044.3784378205055,5.0,,6044.3784378205055,9299.0,True,0.0,,,,,2026-08-18 12:43:49.149812,2026-08-18 05:47:00.994349
2026-08-19 10:00:00,standby,0.0,4568.901883573835,5.0,,4568.901883573835,8000.0,True,0.0,,,,,2026-08-18 12:43:49.149819,2026-08-18 05:47:00.994349
2026-08-19 11:00:00,buy,368.42105,4225.4666748965965,5.0,,4436.740008641426,6650.0,False,0.0,6502.285,,,,2026-08-18 12:43:49.320228,2026-08-18 05:47:00.994350
2026-08-19 12:00:00,buy,1000.0,4078.885609064562,5.0,,4282.82988951779,6000.0,False,0.0,5852.285,,,,2026-08-18 12:43:49.481781,2026-08-18 05:47:00.994350
2026-08-19 13:00:00,buy,1000.0,3821.870700561688,5.0,,4012.9642355897727,6000.0,False,0.0,5852.285,,,,2026-08-18 12:43:49.649034,2026-08-18 05:47:00.994351
2026-08-19 14:00:00,buy,1000.0,3821.823709619445,5.0,,4012.914895100417,5998.0,False,0.0,5850.285,,,,2026-08-18 12:43:49.815050,2026-08-18 05:47:00.994351
2026-08-19 15:00:00,standby,0.0,5219.253447160605,5.0,,5219.253447160605,5938.0,True,0.0,,,,,2026-08-18 12:43:49.815072,2026-08-18 05:47:00.994352
2026-08-19 16:00:00,standby,0.0,5452.275168569117,5.0,,5452.275168569117,6599.0,True,0.0,,,,,2026-08-18 12:43:49.815083,2026-08-18 05:47:00.994352
2026-08-19 17:00:00,standby,0.0,6779.776426205366,5.0,,6779.776426205366,7852.8,True,0.0,,,,,2026-08-18 12:43:49.815094,2026-08-18 05:47:00.994353
2026-08-19 18:00:00,standby,0.0,9861.672920222854,5.0,,9861.672920222854,10150.0,True,0.0,,,,,2026-08-18 12:43:49.815108,2026-08-18 05:47:00.994353
2026-08-19 19:00:00,sell,40.0,11157.630518160304,5.0,,10599.748992252287,11392.0,True,407.67999999999995,,,,,2026-08-18 12:43:49.815124,2026-08-18 05:47:00.994354
2026-08-19 20:00:00,sell,1000.0,11411.83734293022,5.0,,10841.245475783708,12800.0,True,11600.0,,,,,2026-08-18 12:43:49.815140,2026-08-18 05:47:00.994354
2026-08-19 21:00:00,sell,1000.0,12242.887561751751,5.0,,11630.743183664163,12492.0,True,11292.0,,,,,2026-08-18 12:43:49.815154,2026-08-18 05:47:00.994355
2026-08-19 22:00:00,sell,1000.0,11636.297654181282,5.0,,11054.482771472218,11149.0,True,9949.0,,,,,2026-08-18 12:43:49.815169,2026-08-18 05:47:00.994355
2026-08-19 23:00:00,standby,0.0,10304.345211718064,5.0,,10304.345211718064,10658.0,True,0.0,,,,,2026-08-18 12:43:49.815178,2026-08-18 05:47:00.994356
2026-08-20 00:00:00,standby,0.0,8241.04872426259,5.0,,8241.04872426259,14974.93,True,0.0,,,,,2026-08-20 06:02:51.561067,2026-08-19 05:23:57.768092
2026-08-20 01:00:00,standby,0.0,8571.223827096446,5.0,,8571.223827096446,8500.0,True,0.0,,,,,2026-08-20 06:02:51.561080,2026-08-19 05:23:57.768095
2026-08-20 02:00:00,standby,0.0,6451.622759581497,5.0,,6451.622759581497,7500.0,True,0.0,,,,,2026-08-20 06:02:51.561091,2026-08-19 05:23:57.768096
2026-08-20 03:00:00,standby,0.0,6395.209254002703,5.0,,6395.209254002703,7500.0,True,0.0,,,,,2026-08-20 06:02:51.561101,2026-08-19 05:23:57.768096
2026-08-20 04:00:00,standby,0.0,6529.495081576514,5.0,,6529.495081576514,7000.0,True,0.0,,,,,2026-08-20 06:02:51.561112,2026-08-19 05:23:57.768097
2026-08-20 05:00:00,standby,0.0,7464.413734175,5.0,,7464.413734175,6800.0,True,0.0,,,,,2026-08-20 06:02:51.561121,2026-08-19 05:23:57.768097
2026-08-20 06:00:00,standby,0.0,8453.214794852214,5.0,,8453.214794852214,8530.9,True,0.0,,,,,2026-08-20 06:02:51.561131,2026-08-19 05:23:57.768098
2026-08-20 07:00:00,standby,0.0,9724.783175493849,5.0,,9724.783175493849,9699.0,True,0.0,,,,,2026-08-20 06:02:51.561140,2026-08-19 05:23:57.768098
2026-08-20 08:00:00,standby,0.0,8644.493492244757,5.0,,8644.493492244757,6575.0,True,0.0,,,,,2026-08-20 06:02:51.561149,2026-08-19 05:23:57.768099
2026-08-20 09:00:00,standby,0.0,6663.182296478355,5.0,,6663.182296478355,4980.0,True,0.0,,,,,2026-08-20 06:02:51.561159,2026-08-19 05:23:57.768099
2026-08-20 10:00:00,standby,0.0,5882.657165795233,5.0,,5882.657165795233,2860.0,True,0.0,,,,,2026-08-20 06:02:51.561168,2026-08-19 05:23:57.768100
2026-08-20 11:00:00,buy,368.42105,5103.264475946829,5.0,,5358.427699744171,2300.0,True,-1670.1041985969998,,,,,2026-08-20 06:02:51.561189,2026-08-19 05:23:57.768100
2026-08-20 12:00:00,buy,1000.0,4649.69998641126,5.0,,4882.184985731824,1980.0,True,-4213.14,,,,,2026-08-20 06:02:51.561207,2026-08-19 05:23:57.768101
2026-08-20 13:00:00,buy,1000.0,4457.080062564583,5.0,,4679.9340656928125,1900.0,True,-4133.14,,,,,2026-08-20 06:02:51.561237,2026-08-19 05:23:57.768101
2026-08-20 14:00:00,buy,1000.0,4685.724564385493,5.0,,4920.010792604768,1900.0,True,-4133.14,,,,,2026-08-20 06:02:51.561258,2026-08-19 05:23:57.768102
2026-08-20 15:00:00,standby,0.0,5166.021965804144,5.0,,5166.021965804144,1285.9,True,0.0,,,,,2026-08-20 06:02:51.561275,2026-08-19 05:23:57.768102
2026-08-20 16:00:00,standby,0.0,5663.149490825139,5.0,,5663.149490825139,4580.0,True,0.0,,,,,2026-08-20 06:02:51.561288,2026-08-19 05:23:57.768103
2026-08-20 17:00:00,standby,0.0,7094.024631094676,5.0,,7094.024631094676,5980.0,True,0.0,,,,,2026-08-20 06:02:51.561303,2026-08-19 05:23:57.768103
2026-08-20 18:00:00,sell,40.0,10330.25574113244,5.0,,9813.742954075817,9165.0,False,0.0,9009.27,,,,2026-08-20 06:02:51.755218,2026-08-19 05:23:57.768104
2026-08-20 19:00:00,standby,0.0,9965.378683180785,5.0,,9965.378683180785,10423.0,True,0.0,,,,,2026-08-20 06:02:51.755244,2026-08-19 05:23:57.768104
2026-08-20 20:00:00,sell,1000.0,10613.31984012485,5.0,,10082.653848118607,11200.0,True,10000.0,,,,,2026-08-20 06:02:51.755264,2026-08-19 05:23:57.768105
2026-08-20 21:00:00,sell,1000.0,11547.365586103599,5.0,,10969.997306798417,11323.0,True,10123.0,,,,,2026-08-20 06:02:51.755279,2026-08-19 05:23:57.768105
2026-08-20 22:00:00,sell,1000.0,10930.303827864444,5.0,,10383.788636471221,10654.0,True,9454.0,,,,,2026-08-20 06:02:51.755293,2026-08-19 05:23:57.768106
2026-08-20 23:00:00,standby,0.0,10289.53007330421,5.0,,10289.53007330421,10031.92,True,0.0,,,,,2026-08-20 06:02:51.755303,2026-08-19 05:23:57.768106
2026-08-21 00:00:00,standby,0.0,11722.489395676073,5.0,,11722.489395676073,4200.0,True,0.0,,,,,2026-08-20 10:16:46.005376,2026-08-20 06:02:16.413716
2026-08-21 01:00:00,standby,0.0,7630.753821725081,5.0,,7630.753821725081,1348.0,True,0.0,,,,,2026-08-20 10:16:46.005394,2026-08-20 06:02:16.413719
2026-08-21 02:00:00,standby,0.0,6973.350213433021,5.0,,6973.350213433021,100.0,True,0.0,,,,,2026-08-20 10:16:46.005402,2026-08-20 06:02:16.413720
2026-08-21 03:00:00,standby,0.0,7001.134714048518,5.0,,7001.134714048518,100.0,True,0.0,,,,,2026-08-20 10:16:46.005409,2026-08-20 06:02:16.413720
2026-08-21 04:00:00,standby,0.0,7247.609938275003,5.0,,7247.609938275003,100.0,True,0.0,,,,,2026-08-20 10:16:46.005417,2026-08-20 06:02:16.413721
2026-08-21 05:00:00,standby,0.0,7461.425186437372,5.0,,7461.425186437372,599.99,True,0.0,,,,,2026-08-20 10:16:46.005424,2026-08-20 06:02:16.413721
2026-08-21 06:00:00,standby,0.0,8285.729792912807,5.0,,8285.729792912807,6000.0,True,0.0,,,,,2026-08-20 10:16:46.005432,2026-08-20 06:02:16.413722
2026-08-21 07:00:00,standby,0.0,9916.904561351153,5.0,,9916.904561351153,7500.0,True,0.0,,,,,2026-08-20 10:16:46.005439,2026-08-20 06:02:16.413722
2026-08-21 08:00:00,standby,0.0,8169.678565523798,5.0,,8169.678565523798,5999.0,True,0.0,,,,,2026-08-20 10:16:46.005446,2026-08-20 06:02:16.413722
2026-08-21 09:00:00,standby,0.0,7012.14658391626,5.0,,7012.14658391626,4498.9,True,0.0,,,,,2026-08-20 10:16:46.005453,2026-08-20 06:02:16.413723
2026-08-21 10:00:00,standby,0.0,3976.6259526392746,5.0,,3976.6259526392746,2998.0,True,0.0,,,,,2026-08-20 10:16:46.005471,2026-08-20 06:02:16.413723
2026-08-21 11:00:00,standby,0.0,3246.475028993805,5.0,,3246.475028993805,908.0,True,0.0,,,,,2026-08-20 10:16:46.005478,2026-08-20 06:02:16.413724
2026-08-21 12:00:00,buy,1000.0,2769.1736404462354,5.0,,2907.632322468547,800.0,True,-3033.1400000000003,,,,,2026-08-20 10:16:46.005496,2026-08-20 06:02:16.413724
2026-08-21 13:00:00,buy,368.42105,2778.3073475550377,5.0,,2917.2227149327896,999.0,True,-1190.788412547,,,,,2026-08-20 10:16:46.005510,2026-08-20 06:02:16.413724
2026-08-21 14:00:00,buy,1000.0,2765.333888452958,5.0,,2903.600582875606,1100.0,True,-3333.1400000000003,,,,,2026-08-20 10:16:46.005523,2026-08-20 06:02:16.413725
2026-08-21 15:00:00,buy,1000.0,2592.625404447304,5.0,,2722.2566746696693,1798.0,True,-4031.140000000001,,,,,2026-08-20 10:16:46.005535,2026-08-20 06:02:16.413725
2026-08-21 16:00:00,standby,0.0,3891.2295407322003,5.0,,3891.2295407322003,3900.0,True,0.0,,,,,2026-08-20 10:16:46.005543,2026-08-20 06:02:16.413726
2026-08-21 17:00:00,standby,0.0,5756.527486475085,5.0,,5756.527486475085,8000.0,True,0.0,,,,,2026-08-20 10:16:46.005550,2026-08-20 06:02:16.413726
2026-08-21 18:00:00,standby,0.0,8110.432201064109,5.0,,8110.432201064109,9999.0,True,0.0,,,,,2026-08-20 10:16:46.005558,2026-08-20 06:02:16.413726
2026-08-21 19:00:00,standby,0.0,9936.045804754547,5.0,,9936.045804754547,11499.0,True,0.0,,,,,2026-08-20 10:16:46.005565,2026-08-20 06:02:16.413727
2026-08-21 20:00:00,sell,1000.0,10894.458963108627,5.0,,10349.736014953196,12266.0,True,11066.0,,,,,2026-08-20 10:16:46.005577,2026-08-20 06:02:16.413727
2026-08-21 21:00:00,sell,1000.0,11074.044297003446,5.0,,10520.342082153273,12130.0,True,10930.0,,,,,2026-08-20 10:16:46.005588,2026-08-20 06:02:16.413728
2026-08-21 22:00:00,sell,1000.0,10595.06953735428,5.0,,10065.316060486566,11064.0,True,9864.0,,,,,2026-08-20 10:16:46.005600,2026-08-20 06:02:16.413728
2026-08-21 23:00:00,sell,40.0,10132.928225888107,5.0,,9626.281814593702,10449.0,True,369.96,,,,,2026-08-20 10:16:46.005611,2026-08-20 06:02:16.413728
2026-08-22 00:00:00,standby,0.0,6276.286421136142,5.0,,6276.286421136142,5000.0,True,0.0,,,,,2026-08-21 11:19:44.096287,2026-08-21 05:19:34.687813
2026-08-22 01:00:00,standby,0.0,3761.5682538435517,5.0,,3761.5682538435517,6650.0,True,0.0,,,,,2026-08-21 11:19:44.096301,2026-08-21 05:19:34.687816
2026-08-22 02:00:00,standby,0.0,3400.798044768889,5.0,,3400.798044768889,4999.99,True,0.0,,,,,2026-08-21 11:19:44.096311,2026-08-21 05:19:34.687817
2026-08-22 03:00:00,standby,0.0,3503.4318941085767,5.0,,3503.4318941085767,4600.0,True,0.0,,,,,2026-08-21 11:19:44.096320,2026-08-21 05:19:34.687818
2026-08-22 04:00:00,buy,1000.0,2493.4160143976565,5.0,,2618.0868151175396,4500.0,False,0.0,4312.125,,,,2026-08-21 11:19:44.256605,2026-08-21 05:19:34.687818
2026-08-22 05:00:00,standby,0.0,3250.210406340516,5.0,,3250.210406340516,4000.0,True,0.0,,,,,2026-08-21 11:19:44.256625,2026-08-21 05:19:34.687818
2026-08-22 06:00:00,standby,0.0,6555.917150919731,5.0,,6555.917150919731,7000.0,True,0.0,,,,,2026-08-21 11:19:44.256634,2026-08-21 05:19:34.687819
2026-08-22 07:00:00,sell,902.5,6952.460237065472,5.0,,6604.837225212198,6015.0,False,0.0,5827.125,,,,2026-08-21 11:19:44.427801,2026-08-21 05:19:34.687819
2026-08-22 08:00:00,standby,0.0,4839.514295300465,5.0,,4839.514295300465,3930.0,True,0.0,,,,,2026-08-21 11:19:44.427824,2026-08-21 05:19:34.687820
2026-08-22 09:00:00,standby,0.0,3117.4637937616894,5.0,,3117.4637937616894,2000.0,True,0.0,,,,,2026-08-21 11:19:44.427835,2026-08-21 05:19:34.687820
2026-08-22 10:00:00,standby,0.0,2584.2903772656136,5.0,,2584.2903772656136,10.0,True,0.0,,,,,2026-08-21 11:19:44.427845,2026-08-21 05:19:34.687821
2026-08-22 11:00:00,buy,1000.0,1175.1764132178641,5.0,,1233.9352338787573,10.0,True,-2243.14,,,,,2026-08-21 11:19:44.427862,2026-08-21 05:19:34.687821
2026-08-22 12:00:00,buy,368.42105,1263.9967983191445,5.0,,1327.1966382351018,10.0,True,-826.419994097,,,,,2026-08-21 11:19:44.427878,2026-08-21 05:19:34.687821
2026-08-22 13:00:00,buy,1000.0,1140.0783401367828,5.0,,1197.082257143622,10.0,True,-2243.14,,,,,2026-08-21 11:19:44.427893,2026-08-21 05:19:34.687822
2026-08-22 14:00:00,buy,1000.0,1244.3259150117947,5.0,,1306.5422107623845,10.0,True,-2243.14,,,,,2026-08-21 11:19:44.427908,2026-08-21 05:19:34.687822
2026-08-22 15:00:00,standby,0.0,1843.9022175089328,5.0,,1843.9022175089328,10.0,True,0.0,,,,,2026-08-21 11:19:44.427918,2026-08-21 05:19:34.687823
2026-08-22 16:00:00,standby,0.0,2752.6506871159536,5.0,,2752.6506871159536,498.9,True,0.0,,,,,2026-08-21 11:19:44.427927,2026-08-21 05:19:34.687823
2026-08-22 17:00:00,standby,0.0,5013.559846302673,5.0,,5013.559846302673,5000.0,True,0.0,,,,,2026-08-21 11:19:44.427936,2026-08-21 05:19:34.687823
2026-08-22 18:00:00,standby,0.0,9205.882526107032,5.0,,9205.882526107032,7790.33,True,0.0,,,,,2026-08-21 11:19:44.427950,2026-08-21 05:19:34.687824
2026-08-22 19:00:00,standby,0.0,9716.406596543107,5.0,,9716.406596543107,10358.0,True,0.0,,,,,2026-08-21 11:19:44.427960,2026-08-21 05:19:34.687824
2026-08-22 20:00:00,sell,40.0,10177.539562199743,5.0,,9668.662584089756,10300.0,True,364.0,,,,,2026-08-21 11:19:44.427975,2026-08-21 05:19:34.687824
2026-08-22 21:00:00,sell,1000.0,11339.441170579104,5.0,,10772.469112050148,5500.0,False,0.0,5433.86,,,,2026-08-24 04:16:56.179421,2026-08-21 05:19:34.687825
2026-08-22 22:00:00,sell,1000.0,11189.732235024247,5.0,,10630.245623273035,4000.0,False,0.0,3933.8599999999997,,,,2026-08-24 04:16:56.388543,2026-08-21 05:19:34.687825
2026-08-22 23:00:00,sell,1000.0,10628.543604370869,5.0,,10097.116424152326,3000.0,False,0.0,2933.8599999999997,,,,2026-08-24 04:16:56.589431,2026-08-21 05:19:34.687826
2026-08-23 00:00:00,standby,0.0,5885.660447959789,5.0,,5885.660447959789,2000.0,True,0.0,,,,,2026-08-24 04:16:56.589486,2026-08-23 07:29:28.414057
2026-08-23 01:00:00,standby,0.0,6242.956051646026,5.0,,6242.956051646026,979.0,True,0.0,,,,,2026-08-24 04:16:56.589505,2026-08-23 07:29:28.414060
2026-08-23 02:00:00,standby,0.0,4977.644424478671,5.0,,4977.644424478671,500.0,True,0.0,,,,,2026-08-24 04:16:56.589522,2026-08-23 07:29:28.414062
2026-08-23 03:00:00,standby,0.0,4950.963631139799,5.0,,4950.963631139799,3000.0,True,0.0,,,,,2026-08-24 04:16:56.589538,2026-08-23 07:29:28.414062
2026-08-23 04:00:00,standby,0.0,5067.919347931006,5.0,,5067.919347931006,1400.0,True,0.0,,,,,2026-08-24 04:16:56.589554,2026-08-23 07:29:28.414063
2026-08-23 05:00:00,standby,0.0,4868.459799573041,5.0,,4868.459799573041,1700.0,True,0.0,,,,,2026-08-24 04:16:56.589569,2026-08-23 07:29:28.414063
2026-08-23 06:00:00,standby,0.0,7060.097869416298,5.0,,7060.097869416298,10.0,True,0.0,,,,,2026-08-24 04:16:56.589585,2026-08-23 07:29:28.414064
2026-08-23 07:00:00,standby,0.0,5775.434607536755,5.0,,5775.434607536755,10.0,True,0.0,,,,,2026-08-24 04:16:56.589600,2026-08-23 07:29:28.414064
2026-08-23 08:00:00,standby,0.0,3192.8821191792467,5.0,,3192.8821191792467,10.0,True,0.0,,,,,2026-08-24 04:16:56.589615,2026-08-23 07:29:28.414065
2026-08-23 09:00:00,standby,0.0,1858.5952087002402,5.0,,1858.5952087002402,10.0,True,0.0,,,,,2026-08-24 04:16:56.589630,2026-08-23 07:29:28.414065
2026-08-23 10:00:00,standby,0.0,533.9993800910552,5.0,,533.9993800910552,10.0,True,0.0,,,,,2026-08-24 04:16:56.589645,2026-08-23 07:29:28.414066
2026-08-23 11:00:00,buy,1000.0,369.49853263001745,5.0,,387.9734592615183,10.0,True,-2243.14,,,,,2026-08-24 04:16:56.589668,2026-08-23 07:29:28.414066
2026-08-23 12:00:00,buy,1000.0,389.22508130315964,5.0,,408.68633536831766,10.0,True,-2243.14,,,,,2026-08-24 04:16:56.589689,2026-08-23 07:29:28.414067
2026-08-23 13:00:00,buy,368.42105,404.1801808506307,5.0,,424.3891898931622,10.0,True,-826.419994097,,,,,2026-08-24 04:16:56.589711,2026-08-23 07:29:28.414067
2026-08-23 14:00:00,buy,1000.0,389.1841161241314,5.0,,408.64332193033795,910.0,False,0.0,843.8599999999999,,,,2026-08-24 04:16:56.799660,2026-08-23 07:29:28.414068
2026-08-23 15:00:00,standby,0.0,612.8768241123885,5.0,,612.8768241123885,4299.99,True,0.0,,,,,2026-08-24 04:16:56.799702,2026-08-23 07:29:28.414068
2026-08-23 16:00:00,standby,0.0,732.2086074100883,5.0,,732.2086074100883,6800.0,True,0.0,,,,,2026-08-24 04:16:56.799720,2026-08-23 07:29:28.414069
2026-08-23 17:00:00,standby,0.0,4220.931738807034,5.0,,4220.931738807034,7500.0,True,0.0,,,,,2026-08-24 04:16:56.799736,2026-08-23 07:29:28.414069
2026-08-23 18:00:00,standby,0.0,7946.3782959132195,5.0,,7946.3782959132195,7700.0,True,0.0,,,,,2026-08-24 04:16:56.799752,2026-08-23 07:29:28.414070
2026-08-23 19:00:00,sell,40.0,10206.007513064289,5.0,,9695.707137411075,7700.0,False,0.0,7633.86,,,,2026-08-24 04:16:57.006208,2026-08-23 07:29:28.414070
2026-08-23 20:00:00,sell,1000.0,10376.994838789595,5.0,,9858.145096850114,6188.0,False,0.0,6121.86,,,,2026-08-24 04:16:57.241213,2026-08-23 07:29:28.414071
2026-08-23 21:00:00,standby,0.0,5765.239111142323,5.0,,5765.239111142323,4000.0,True,0.0,,,,,2026-08-24 04:16:30.006292,2026-08-23 07:29:28.414071
2026-08-23 22:00:00,standby,0.0,4483.673482030947,5.0,,4483.673482030947,3000.0,True,0.0,,,,,2026-08-24 04:16:30.006319,2026-08-23 07:29:28.414072
2026-08-23 23:00:00,standby,0.0,3679.811946818533,5.0,,3679.811946818533,2001.0,True,0.0,,,,,2026-08-24 04:16:30.006343,2026-08-23 07:29:28.414072
2026-08-24 00:00:00,standby,0.0,2312.713672673238,5.0,,2312.713672673238,2501.0,True,0.0,,,,,2026-08-24 04:16:30.006365,2026-08-23 07:29:10.266577
2026-08-24 01:00:00,standby,0.0,2665.5394088660123,5.0,,2665.5394088660123,2501.0,True,0.0,,,,,2026-08-24 04:16:30.006385,2026-08-23 07:29:10.266583
2026-08-24 02:00:00,standby,0.0,2607.9396102236533,5.0,,2607.9396102236533,2501.0,True,0.0,,,,,2026-08-24 04:16:30.006407,2026-08-23 07:29:10.266584
2026-08-24 03:00:00,standby,0.0,4727.777929167493,5.0,,4727.777929167493,5000.0,True,0.0,,,,,2026-08-24 04:16:30.006429,2026-08-23 07:29:10.266585
2026-08-24 04:00:00,standby,0.0,4935.56929701675,5.0,,4935.56929701675,5620.0,True,0.0,,,,,2026-08-24 04:16:30.006450,2026-08-23 07:29:10.266585
2026-08-24 05:00:00,standby,0.0,4194.750887470575,5.0,,4194.750887470575,4000.0,True,0.0,,,,,2026-08-24 04:16:30.006488,2026-08-23 07:29:10.266586
2026-08-24 06:00:00,standby,0.0,2287.0713529395075,5.0,,2287.0713529395075,457.0,True,0.0,,,,,2026-08-24 04:16:30.006511,2026-08-23 07:29:10.266586
2026-08-24 07:00:00,standby,0.0,820.6884999271742,5.0,,820.6884999271742,10.0,True,0.0,,,,,2026-08-24 04:16:30.006532,2026-08-23 07:29:10.266587
2026-08-24 08:00:00,buy,368.42105,454.264901120848,5.0,,476.9781461768904,10.0,True,-826.419994097,,,,,2026-08-24 04:16:30.006569,2026-08-23 07:29:10.266587
2026-08-24 09:00:00,buy,1000.0,243.97798604169523,5.0,,256.17688534378,10.0,True,-2243.14,,,,,2026-08-24 04:16:30.006599,2026-08-23 07:29:10.266588
2026-08-24 10:00:00,buy,1000.0,407.9948960454124,5.0,,428.39464084768304,11.0,True,-2244.1400000000003,,,,,2026-08-24 04:16:30.006629,2026-08-23 07:29:10.266588
2026-08-24 11:00:00,buy,1000.0,429.253510393319,5.0,,450.716185912985,10.0,True,-2243.14,,,,,2026-08-24 04:16:30.006657,2026-08-23 07:29:10.266588
2026-08-24 12:00:00,standby,0.0,1221.2056052364353,5.0,,1221.2056052364353,10.0,True,0.0,,,,,2026-08-24 04:16:30.006678,2026-08-23 07:29:10.266589
2026-08-24 13:00:00,standby,0.0,1575.777675961947,5.0,,1575.777675961947,459.0,True,0.0,,,,,2026-08-24 04:16:30.006700,2026-08-23 07:29:10.266589
2026-08-24 14:00:00,standby,0.0,4009.880579997991,5.0,,4009.880579997991,3911.32,True,0.0,,,,,2026-08-24 04:16:30.006720,2026-08-23 07:29:10.266590
2026-08-24 15:00:00,standby,0.0,7045.30340346816,5.0,,7045.30340346816,8256.76,True,0.0,,,,,2026-08-24 04:16:30.006741,2026-08-23 07:29:10.266590
2026-08-24 16:00:00,sell,1000.0,10024.032850089621,5.0,,9522.831207585139,11370.0,True,10170.0,,,,,2026-08-24 04:16:30.006770,2026-08-23 07:29:10.266590
2026-08-24 17:00:00,sell,40.0,9972.82428783835,5.0,,9474.183073446431,9600.0,True,336.0,,,,,2026-08-24 04:16:30.006799,2026-08-23 07:29:10.266591
2026-08-24 18:00:00,sell,1000.0,10754.867575878354,5.0,,10217.124197084435,9600.0,False,0.0,9562.74,,,,2026-08-24 04:16:30.244990,2026-08-23 07:29:10.266591
2026-08-24 19:00:00,sell,1000.0,10065.112002724072,5.0,,9561.856402587868,7700.0,False,0.0,7662.74,,,,2026-08-24 04:16:30.483181,2026-08-23 07:29:10.266591
2026-08-24 20:00:00,standby,0.0,7900.6007795213945,5.0,,7900.6007795213945,5800.0,True,0.0,,,,,2026-08-24 04:16:30.483221,2026-08-23 07:29:10.266592
2026-08-24 21:00:00,standby,0.0,5235.437703084886,5.0,,5235.437703084886,4000.0,True,0.0,,,,,2026-08-24 10:12:32.978483,2026-08-23 07:29:10.266592
2026-08-24 22:00:00,standby,0.0,3927.3895745126238,5.0,,3927.3895745126238,4000.0,True,0.0,,,,,2026-08-24 10:12:32.978504,2026-08-23 07:29:10.266593
2026-08-24 23:00:00,standby,0.0,2718.791455537866,5.0,,2718.791455537866,2000.0,True,0.0,,,,,2026-08-24 10:12:32.978521,2026-08-23 07:29:10.266593
2026-08-25 00:00:00,standby,0.0,2764.793877321776,5.0,,2764.793877321776,100.0,True,0.0,,,,,2026-08-24 10:12:32.978536,2026-08-24 04:18:29.276131
2026-08-25 01:00:00,standby,0.0,2726.0735138283612,5.0,,2726.0735138283612,100.0,True,0.0,,,,,2026-08-24 10:12:32.978551,2026-08-24 04:18:29.276135
2026-08-25 02:00:00,standby,0.0,3176.7993916333994,5.0,,3176.7993916333994,1178.0,True,0.0,,,,,2026-08-24 10:12:32.978566,2026-08-24 04:18:29.276136
2026-08-25 03:00:00,standby,0.0,5286.384862479277,5.0,,5286.384862479277,4000.0,True,0.0,,,,,2026-08-24 10:12:32.978580,2026-08-24 04:18:29.276137
2026-08-25 04:00:00,standby,0.0,5735.316592730663,5.0,,5735.316592730663,4500.0,True,0.0,,,,,2026-08-24 10:12:32.978595,2026-08-24 04:18:29.276138
2026-08-25 05:00:00,standby,0.0,5337.254932539361,5.0,,5337.254932539361,4000.0,True,0.0,,,,,2026-08-24 10:12:32.978609,2026-08-24 04:18:29.276139
2026-08-25 06:00:00,standby,0.0,3922.7668013192606,5.0,,3922.7668013192606,888.0,True,0.0,,,,,2026-08-24 10:12:32.978624,2026-08-24 04:18:29.276139
2026-08-25 07:00:00,standby,0.0,1984.2254441938264,5.0,,1984.2254441938264,14.0,True,0.0,,,,,2026-08-24 10:12:32.978639,2026-08-24 04:18:29.276140
2026-08-25 08:00:00,buy,1000.0,1473.378557730551,5.0,,1547.0474856170786,10.0,True,-2243.14,,,,,2026-08-24 10:12:32.978665,2026-08-24 04:18:29.276140
2026-08-25 09:00:00,buy,1000.0,1459.3399995618406,5.0,,1532.3069995399328,10.0,True,-2243.14,,,,,2026-08-24 10:12:32.978687,2026-08-24 04:18:29.276141
2026-08-25 10:00:00,buy,1000.0,1435.744428960296,5.0,,1507.531650408311,10.0,True,-2243.14,,,,,2026-08-24 10:12:32.978708,2026-08-24 04:18:29.276141
2026-08-25 11:00:00,buy,368.42105,1485.0424267365465,5.0,,1559.294548073374,10.0,True,-826.419994097,,,,,2026-08-24 10:12:32.978728,2026-08-24 04:18:29.276142
2026-08-25 12:00:00,standby,0.0,2346.2735509408485,5.0,,2346.2735509408485,10.0,True,0.0,,,,,2026-08-24 10:12:32.978742,2026-08-24 04:18:29.276142
2026-08-25 13:00:00,standby,0.0,2984.135043078874,5.0,,2984.135043078874,393.0,True,0.0,,,,,2026-08-24 10:12:32.978757,2026-08-24 04:18:29.276142
2026-08-25 14:00:00,standby,0.0,5092.850402448695,5.0,,5092.850402448695,2000.0,True,0.0,,,,,2026-08-24 10:12:32.978771,2026-08-24 04:18:29.276143
2026-08-25 15:00:00,standby,0.0,8199.134664180521,5.0,,8199.134664180521,6591.3,True,0.0,,,,,2026-08-24 10:12:32.978787,2026-08-24 04:18:29.276143
2026-08-25 16:00:00,sell,1000.0,10383.116074067066,5.0,,9863.960270363712,7817.0,False,0.0,7779.74,,,,2026-08-24 10:12:33.163065,2026-08-24 04:18:29.276144
2026-08-25 17:00:00,sell,1000.0,10138.419377345463,5.0,,9631.49840847819,7500.0,False,0.0,7462.74,,,,2026-08-24 10:12:33.342795,2026-08-24 04:18:29.276144
2026-08-25 18:00:00,sell,1000.0,10358.130221704738,5.0,,9840.2237106195,8000.0,False,0.0,7962.74,,,,2026-08-24 10:12:33.519718,2026-08-24 04:18:29.276145
2026-08-25 19:00:00,sell,40.0,8771.034556153478,5.0,,8332.482828345803,6800.0,False,0.0,6762.74,,,,2026-08-24 10:12:33.687353,2026-08-24 04:18:29.276146
2026-08-25 20:00:00,standby,0.0,6345.009374590146,5.0,,6345.009374590146,5007.0,True,0.0,,,,,2026-08-24 10:12:33.687391,2026-08-24 04:18:29.276146
2026-08-25 21:00:00,standby,0.0,2998.61148589353,5.0,,2998.61148589353,1600.0,True,0.0,,,,,2026-08-26 12:49:09.721761,2026-08-25 05:58:45.147487
2026-08-25 22:00:00,standby,0.0,2139.19810870256,5.0,,2139.19810870256,2000.0,True,0.0,,,,,2026-08-26 12:49:09.721778,2026-08-25 05:58:45.147490
2026-08-25 23:00:00,buy,1000.0,493.6621735722859,5.0,,518.3452822509003,100.0,True,-2333.1400000000003,,,,,2026-08-26 12:49:09.721813,2026-08-25 05:58:45.147491
2026-08-26 00:00:00,buy,1000.0,59.0069371880687,5.0,,61.957284047472136,119.0,False,0.0,125.59000000000006,,,,2026-08-26 12:49:09.908986,2026-08-25 05:58:45.147492
2026-08-26 01:00:00,buy,1000.0,75.12448446858645,5.0,,78.88070869201577,100.0,False,0.0,106.59000000000006,,,,2026-08-26 12:49:10.097171,2026-08-25 05:58:45.147493
2026-08-26 02:00:00,standby,0.0,1788.9194171629724,5.0,,1788.9194171629724,500.0,True,0.0,,,,,2026-08-26 12:49:10.097208,2026-08-25 05:58:45.147493
2026-08-26 03:00:00,standby,0.0,4289.372305756742,5.0,,4289.372305756742,4000.0,True,0.0,,,,,2026-08-26 12:49:10.097223,2026-08-25 05:58:45.147494
2026-08-26 04:00:00,standby,0.0,5158.329635797885,5.0,,5158.329635797885,5000.0,True,0.0,,,,,2026-08-26 12:49:10.097242,2026-08-25 05:58:45.147494
2026-08-26 05:00:00,standby,0.0,4889.857024063284,5.0,,4889.857024063284,6567.0,True,0.0,,,,,2026-08-26 12:49:10.097257,2026-08-25 05:58:45.147495
2026-08-26 06:00:00,standby,0.0,3705.9035510792737,5.0,,3705.9035510792737,5000.0,True,0.0,,,,,2026-08-26 12:49:10.097271,2026-08-25 05:58:45.147495
2026-08-26 07:00:00,standby,0.0,3097.5006781921866,5.0,,3097.5006781921866,3500.0,True,0.0,,,,,2026-08-26 12:49:10.097284,2026-08-25 05:58:45.147496
2026-08-26 08:00:00,standby,0.0,2153.0335279772944,5.0,,2153.0335279772944,1750.0,True,0.0,,,,,2026-08-26 12:49:10.097297,2026-08-25 05:58:45.147496
2026-08-26 09:00:00,buy,368.42105,1697.1175062651846,5.0,,1781.9733815784439,1500.0,True,-1375.367358597,,,,,2026-08-26 12:49:10.097316,2026-08-25 05:58:45.147497
2026-08-26 10:00:00,standby,0.0,1706.511903451652,5.0,,1706.511903451652,1648.76,True,0.0,,,,,2026-08-26 12:49:10.097329,2026-08-25 05:58:45.147497
2026-08-26 11:00:00,standby,0.0,1711.1826646367517,5.0,,1711.1826646367517,1750.0,True,0.0,,,,,2026-08-26 12:49:10.097341,2026-08-25 05:58:45.147497
2026-08-26 12:00:00,buy,1000.0,1708.7835610815205,5.0,,1794.2227391355966,4000.0,False,0.0,4006.59,,,,2026-08-26 12:49:10.276822,2026-08-25 05:58:45.147498
2026-08-26 13:00:00,buy,899.39058,2508.9677425498553,5.0,,2634.416129677348,5000.0,False,0.0,5006.59,,,,2026-08-26 12:49:10.454423,2026-08-25 05:58:45.147498
2026-08-26 14:00:00,standby,0.0,3439.793688749924,5.0,,3439.793688749924,6000.0,True,0.0,,,,,2026-08-26 12:49:10.454470,2026-08-25 05:58:45.147499
2026-08-26 15:00:00,standby,0.0,7573.534779617885,5.0,,7573.534779617885,7500.0,True,0.0,,,,,2026-08-26 12:49:10.454501,2026-08-25 05:58:45.147499
2026-08-26 16:00:00,sell,1000.0,8063.716734046287,5.0,,7660.530897343971,7813.0,True,6613.0,,,,,2026-08-26 12:49:10.454523,2026-08-25 05:58:45.147500
2026-08-26 17:00:00,sell,250.0,7864.428279150408,5.0,,7471.206865192888,6700.0,False,0.0,6706.59,,,,2026-08-26 12:49:10.633952,2026-08-25 05:58:45.147500
2026-08-26 18:00:00,sell,1000.0,8574.732065009619,5.0,,8145.9954617591375,6700.0,False,0.0,6706.59,,,,2026-08-26 12:49:10.811118,2026-08-25 05:58:45.147501
2026-08-26 19:00:00,standby,0.0,7681.663507386182,5.0,,7681.663507386182,5020.0,True,0.0,,,,,2026-08-26 12:49:10.811156,2026-08-25 05:58:45.147501
2026-08-26 20:00:00,standby,0.0,5462.946172961898,5.0,,5462.946172961898,3950.0,True,0.0,,,,,2026-08-26 12:49:10.811174,2026-08-25 05:58:45.147502
2026-08-26 21:00:00,standby,0.0,2928.9105577333994,5.0,,2928.9105577333994,1500.0,True,0.0,,,,,2026-08-26 13:00:04.312313,2026-08-26 07:14:01.016990
2026-08-26 22:00:00,standby,0.0,3084.830476432379,5.0,,3084.830476432379,499.99,True,0.0,,,,,2026-08-26 13:00:04.312333,2026-08-26 07:14:01.016994
2026-08-26 23:00:00,buy,1000.0,1860.5432991943999,5.0,,1953.57046415412,10.0,True,-2243.14,,,,,2026-08-26 13:00:04.312360,2026-08-26 07:14:01.016995
2026-08-27 00:00:00,buy,1000.0,1773.194255393053,5.0,,1861.8539681627058,25.0,True,-2258.14,,,,,2026-08-26 13:00:04.312381,2026-08-26 07:14:01.016997
2026-08-27 01:00:00,buy,1000.0,1777.4963309012226,5.0,,1866.3711474462837,10.0,True,-2243.14,,,,,2026-08-26 13:00:04.312403,2026-08-26 07:14:01.016998
2026-08-27 02:00:00,standby,0.0,2062.784222411133,5.0,,2062.784222411133,100.0,True,0.0,,,,,2026-08-26 13:00:04.312418,2026-08-26 07:14:01.017000
2026-08-27 03:00:00,standby,0.0,4652.979383662873,5.0,,4652.979383662873,3500.0,True,0.0,,,,,2026-08-26 13:00:04.312432,2026-08-26 07:14:01.017001
2026-08-27 04:00:00,standby,0.0,5673.9811789789765,5.0,,5673.9811789789765,5000.0,True,0.0,,,,,2026-08-26 13:00:04.312446,2026-08-26 07:14:01.017002
2026-08-27 05:00:00,sell,960.0,5933.503854613983,5.0,,5636.8286618832835,6250.0,True,4848.0,,,,,2026-08-26 13:00:04.312479,2026-08-26 07:14:01.017003
2026-08-27 06:00:00,standby,0.0,4598.899507738725,5.0,,4598.899507738725,3875.0,True,0.0,,,,,2026-08-26 13:00:04.312495,2026-08-26 07:14:01.017003
2026-08-27 07:00:00,standby,0.0,3049.0080721023037,5.0,,3049.0080721023037,1750.0,True,0.0,,,,,2026-08-26 13:00:04.312509,2026-08-26 07:14:01.017004
2026-08-27 08:00:00,standby,0.0,2358.6396260452416,5.0,,2358.6396260452416,1200.0,True,0.0,,,,,2026-08-26 13:00:04.312523,2026-08-26 07:14:01.017005
2026-08-27 09:00:00,buy,1000.0,1857.6346173341026,5.0,,1950.516348200808,1000.0,True,-3233.1400000000003,,,,,2026-08-26 13:00:04.312543,2026-08-26 07:14:01.017006
2026-08-27 10:00:00,buy,432.13296,1871.8662616765082,5.0,,1965.4595747603337,1000.0,True,-1397.1463582944002,,,,,2026-08-26 13:00:04.312563,2026-08-26 07:14:01.017007
2026-08-27 11:00:00,standby,0.0,1976.6307803125362,5.0,,1976.6307803125362,1000.0,True,0.0,,,,,2026-08-26 13:00:04.312577,2026-08-26 07:14:01.017008
2026-08-27 12:00:00,standby,0.0,2652.5719313120408,5.0,,2652.5719313120408,998.99,True,0.0,,,,,2026-08-26 13:00:04.312591,2026-08-26 07:14:01.017009
2026-08-27 13:00:00,standby,0.0,4507.939632936334,5.0,,4507.939632936334,1536.0,True,0.0,,,,,2026-08-26 13:00:04.312605,2026-08-26 07:14:01.017010
2026-08-27 14:00:00,standby,0.0,5935.330499911201,5.0,,5935.330499911201,2507.0,True,0.0,,,,,2026-08-26 13:00:04.312619,2026-08-26 07:14:01.017011
2026-08-27 15:00:00,sell,40.0,7621.999721417585,5.0,,7240.899735346705,6300.0,False,0.0,6306.59,,,2026-08-26 14:45:00.006814,2026-08-26 13:00:04.517440,2026-08-26 07:14:01.017012
2026-08-27 16:00:00,sell,1000.0,8421.227794087483,5.0,,8000.166404383108,8000.0,False,0.0,8006.59,,,2026-08-26 14:45:00.006845,2026-08-26 13:00:04.719442,2026-08-26 07:14:01.017013
2026-08-27 17:00:00,sell,1000.0,7935.74103559158,5.0,,7538.953983812001,7300.0,False,0.0,7306.59,,,2026-08-26 14:45:00.006857,2026-08-26 13:00:04.906956,2026-08-26 07:14:01.017015
2026-08-27 18:00:00,sell,1000.0,8104.449972292101,5.0,,7699.227473677495,7722.83,True,6522.83,,,,,2026-08-26 13:00:04.907000,2026-08-26 07:14:01.017016
2026-08-27 19:00:00,standby,0.0,5798.5483437351095,5.0,,5798.5483437351095,6800.0,True,0.0,,,,,2026-08-26 13:00:04.907017,2026-08-26 07:14:01.017017
2026-08-27 20:00:00,standby,0.0,4961.054735106875,5.0,,4961.054735106875,4600.0,True,0.0,,,,,2026-08-26 13:00:04.907033,2026-08-26 07:14:01.017017
2026-08-27 21:00:00,standby,0.0,2217.7576735406956,5.0,,2217.7576735406956,1078.0,True,0.0,,,,,2026-08-27 10:38:20.188030,2026-08-27 06:06:22.687965
2026-08-27 22:00:00,standby,0.0,920.2520124840829,5.0,,920.2520124840829,50.0,True,0.0,,,,,2026-08-27 10:38:20.188053,2026-08-27 06:06:22.687968
2026-08-27 23:00:00,buy,1000.0,273.1948648080648,5.0,,286.85460804846804,10.0,True,-2243.14,,,,,2026-08-27 10:38:20.188100,2026-08-27 06:06:22.687972
2026-08-28 00:00:00,buy,1000.0,271.1688675295139,5.0,,284.72731090598955,10.0,True,-2243.14,,,,,2026-08-27 10:38:20.188121,2026-08-27 06:06:22.687973
2026-08-28 01:00:00,buy,1000.0,271.1688675295139,5.0,,284.72731090598955,10.0,True,-2243.14,,,,,2026-08-27 10:38:20.188143,2026-08-27 06:06:22.687974
2026-08-28 02:00:00,buy,368.42105,556.503515097129,5.0,,584.3286908519855,10.0,True,-826.419994097,,,,,2026-08-27 10:38:20.188165,2026-08-27 06:06:22.687974
2026-08-28 03:00:00,standby,0.0,4322.242330404415,5.0,,4322.242330404415,100.0,True,0.0,,,,,2026-08-27 10:38:20.188179,2026-08-27 06:06:22.687975
2026-08-28 04:00:00,standby,0.0,5483.542790243196,5.0,,5483.542790243196,2700.0,True,0.0,,,,,2026-08-27 10:38:20.188197,2026-08-27 06:06:22.687975
2026-08-28 05:00:00,sell,1000.0,6040.64680540957,5.0,,5738.614465139091,2700.0,False,0.0,2588.56,True,,2026-08-27 11:45:00.007391,2026-08-27 10:38:20.404034,2026-08-27 06:06:22.687976
2026-08-28 06:00:00,standby,0.0,4148.078179688243,5.0,,4148.078179688243,500.0,True,0.0,,,,,2026-08-27 10:38:20.404069,2026-08-27 06:06:22.687977
2026-08-28 07:00:00,standby,0.0,2623.7569377404925,5.0,,2623.7569377404925,10.0,True,0.0,,,,,2026-08-27 10:38:20.404084,2026-08-27 06:06:22.687977
2026-08-28 08:00:00,standby,0.0,1308.5074814754464,5.0,,1308.5074814754464,10.0,True,0.0,,,,,2026-08-27 10:38:20.404099,2026-08-27 06:06:22.687978
2026-08-28 09:00:00,buy,1000.0,1121.5011035564962,5.0,,1177.576158734321,10.0,True,-2243.14,,,,,2026-08-27 10:38:20.404119,2026-08-27 06:06:22.687978
2026-08-28 10:00:00,buy,108.03324,1242.1446679294072,5.0,,1304.2519013258777,10.0,True,-242.3336819736,,,,,2026-08-27 10:38:20.404142,2026-08-27 06:06:22.687978
2026-08-28 11:00:00,standby,0.0,1267.8123500147765,5.0,,1267.8123500147765,10.0,True,0.0,,,,,2026-08-27 10:38:20.404155,2026-08-27 06:06:22.687979
2026-08-28 12:00:00,standby,0.0,1450.9796333896124,5.0,,1450.9796333896124,10.0,True,0.0,,,,,2026-08-27 10:38:20.404167,2026-08-27 06:06:22.687979
2026-08-28 13:00:00,standby,0.0,2516.378313665674,5.0,,2516.378313665674,10.0,True,0.0,,,,,2026-08-27 10:38:20.404179,2026-08-27 06:06:22.687980
2026-08-28 14:00:00,standby,0.0,4357.439903455009,5.0,,4357.439903455009,970.0,True,0.0,,,,,2026-08-27 10:38:20.404191,2026-08-27 06:06:22.687980
2026-08-28 15:00:00,sell,1000.0,7866.282075398944,5.0,,7472.967971628996,5748.59,False,0.0,5739.47,True,,2026-08-27 11:45:00.007425,2026-08-27 10:38:20.589288,2026-08-27 06:06:22.687981
2026-08-28 16:00:00,sell,1000.0,8539.222703393867,5.0,,8112.261568224173,7500.0,False,0.0,7403.51,True,,2026-08-27 11:45:00.007438,2026-08-27 10:38:20.774246,2026-08-27 06:06:22.687981
2026-08-28 17:00:00,sell,40.0,7667.232110184295,5.0,,7283.87050467508,6800.0,False,0.0,6703.06,True,,2026-08-27 11:45:00.007448,2026-08-27 10:38:20.960010,2026-08-27 06:06:22.687982
2026-08-28 18:00:00,sell,1000.0,8005.569080972172,5.0,,7605.290626923563,6800.0,False,0.0,6676.02,True,,2026-08-27 11:45:00.007472,2026-08-27 10:38:21.148822,2026-08-27 06:06:22.687982
2026-08-28 19:00:00,standby,0.0,7057.124047007489,5.0,,7057.124047007489,6221.0,True,0.0,,,,,2026-08-27 10:38:21.148863,2026-08-27 06:06:22.687982
2026-08-28 20:00:00,standby,0.0,4914.917120984343,5.0,,4914.917120984343,4000.0,True,0.0,,,,,2026-08-27 10:38:21.148880,2026-08-27 06:06:22.687983
2026-08-28 21:00:00,standby,0.0,2152.6888767401574,2.0,,2152.6888767401574,1500.0,True,0.0,,,,,2026-08-28 10:00:23.158068,2026-08-28 03:10:48.618610
2026-08-28 22:00:00,standby,0.0,1221.5864855425846,2.0,,1221.5864855425846,500.0,True,0.0,,,,,2026-08-28 10:00:23.158086,2026-08-28 03:10:48.618614
2026-08-28 23:00:00,standby,0.0,1207.1103851872497,2.0,,1207.1103851872497,119.0,True,0.0,,,,,2026-08-28 10:00:23.158099,2026-08-28 03:10:48.618617
2026-08-29 00:00:00,standby,0.0,1123.745463045718,2.0,,1123.745463045718,80.0,True,0.0,,,,,2026-08-28 10:00:23.158111,2026-08-28 03:10:48.618618
2026-08-29 01:00:00,standby,0.0,1074.979222003475,2.0,,1074.979222003475,100.0,True,0.0,,,,,2026-08-28 10:00:23.158124,2026-08-28 03:10:48.618619
2026-08-29 02:00:00,standby,0.0,918.0103224916238,2.0,,918.0103224916238,249.0,True,0.0,,,,,2026-08-28 10:00:23.158136,2026-08-28 03:10:48.618620
2026-08-29 03:00:00,standby,0.0,2169.2493255322106,2.0,,2169.2493255322106,1000.0,True,0.0,,,,,2026-08-28 10:00:23.158148,2026-08-28 03:10:48.618620
2026-08-29 04:00:00,standby,0.0,3863.272166522939,2.0,,3863.272166522939,2900.0,True,0.0,,,,,2026-08-28 10:00:23.158160,2026-08-28 03:10:48.618621
2026-08-29 05:00:00,standby,0.0,2919.893458028509,2.0,,2919.893458028509,2850.0,True,0.0,,,,,2026-08-28 10:00:23.158171,2026-08-28 03:10:48.618621
2026-08-29 06:00:00,standby,0.0,1683.9566227017426,2.0,,1683.9566227017426,10.0,True,0.0,,,,,2026-08-28 10:00:23.158183,2026-08-28 03:10:48.618622
2026-08-29 07:00:00,standby,0.0,682.875056243369,2.0,,682.875056243369,10.0,True,0.0,,,,,2026-08-28 10:00:23.158195,2026-08-28 03:10:48.618622
2026-08-29 08:00:00,buy,1000.0,319.50381568437876,2.0,,325.89389199806635,10.0,True,-2243.14,,,,,2026-08-28 10:00:23.158217,2026-08-28 03:10:48.618623
2026-08-29 09:00:00,buy,368.42105,335.14184433756566,2.0,,341.84468122431696,10.0,True,-826.419994097,,,,,2026-08-28 10:00:23.158235,2026-08-28 03:10:48.618623
2026-08-29 10:00:00,standby,0.0,339.7256639387531,2.0,,339.7256639387531,10.0,True,0.0,,,,,2026-08-28 10:00:23.158247,2026-08-28 03:10:48.618623
2026-08-29 11:00:00,buy,1000.0,206.01619396934183,2.0,,210.13651784872866,10.0,True,-2243.14,,,,,2026-08-28 10:00:23.158264,2026-08-28 03:10:48.618624
2026-08-29 12:00:00,buy,1000.0,196.07726271209714,2.0,,199.9988079663391,10.0,True,-2243.14,,,,,2026-08-28 10:00:23.158281,2026-08-28 03:10:48.618624
2026-08-29 13:00:00,standby,0.0,359.7732691504873,2.0,,359.7732691504873,10.0,True,0.0,,,,,2026-08-28 10:00:23.158293,2026-08-28 03:10:48.618625
2026-08-29 14:00:00,standby,0.0,2230.0432388567706,2.0,,2230.0432388567706,1983.0,True,0.0,,,,,2026-08-28 10:00:23.158305,2026-08-28 03:10:48.618625
2026-08-29 15:00:00,standby,0.0,5561.404238742406,2.0,,5561.404238742406,6600.0,True,0.0,,,,,2026-08-28 10:00:23.158318,2026-08-28 03:10:48.618625
2026-08-29 16:00:00,sell,1000.0,7537.624685479806,2.0,,7386.8721917702105,8500.0,True,7300.0,,,,,2026-08-28 10:00:23.158335,2026-08-28 03:10:48.618626
2026-08-29 17:00:00,sell,1000.0,7490.228806594619,2.0,,7340.424230462726,7500.0,True,6300.0,,,,,2026-08-28 10:00:23.158351,2026-08-28 03:10:48.618626
2026-08-29 18:00:00,sell,1000.0,7353.2438079128115,2.0,,7206.178931754555,7500.0,True,6300.0,,,,,2026-08-28 10:00:23.158367,2026-08-28 03:10:48.618627
2026-08-29 19:00:00,sell,40.0,6801.507206037503,2.0,,6665.477061916753,7500.0,True,252.0,,,,,2026-08-28 10:00:23.158384,2026-08-28 03:10:48.618627
2026-08-29 20:00:00,standby,0.0,4503.689073666899,2.0,,4503.689073666899,6350.0,True,0.0,,,,,2026-08-28 10:00:23.158396,2026-08-28 03:10:48.618628
2026-08-29 21:00:00,standby,0.0,2251.584003526457,2.0,,2251.584003526457,7500.0,True,0.0,,,,,2026-08-29 10:00:23.553525,2026-08-29 03:07:49.488882
2026-08-29 22:00:00,standby,0.0,1448.5882651056388,2.0,,1448.5882651056388,6000.0,True,0.0,,,,,2026-08-29 10:00:23.553545,2026-08-29 03:07:49.488885
2026-08-29 23:00:00,standby,0.0,1100.0794152966243,2.0,,1100.0794152966243,4501.0,True,0.0,,,,,2026-08-29 10:00:23.553559,2026-08-29 03:07:49.488889
2026-08-30 00:00:00,standby,0.0,774.4459365982639,2.0,,774.4459365982639,3900.0,True,0.0,,,,,2026-08-29 10:00:23.553578,2026-08-29 03:07:49.488890
2026-08-30 01:00:00,buy,1000.0,367.24381830388535,2.0,,374.58869466996305,3437.13,False,0.0,3405.21,True,,2026-08-29 11:45:00.008890,2026-08-29 10:00:23.740333,2026-08-29 03:07:49.488891
2026-08-30 02:00:00,buy,1000.0,346.9736759163757,2.0,,353.91314943470326,3900.0,False,0.0,3861.31,True,,2026-08-29 11:45:00.008921,2026-08-29 10:00:23.883828,2026-08-29 03:07:49.488892
2026-08-30 03:00:00,standby,0.0,1837.1852086366712,2.0,,1837.1852086366712,2500.0,True,0.0,,,,,2026-08-29 10:00:23.883864,2026-08-29 03:07:49.488892
2026-08-30 04:00:00,standby,0.0,2358.727132466866,2.0,,2358.727132466866,2980.0,True,0.0,,,,,2026-08-29 10:00:23.883886,2026-08-29 03:07:49.488893
2026-08-30 05:00:00,standby,0.0,2318.876435093465,2.0,,2318.876435093465,2950.0,True,0.0,,,,,2026-08-29 10:00:23.883902,2026-08-29 03:07:49.488894
2026-08-30 06:00:00,buy,368.42105,455.68207973319306,2.0,,464.79572132785694,10.0,True,-826.419994097,,,,,2026-08-29 10:00:23.883923,2026-08-29 03:07:49.488894
2026-08-30 07:00:00,standby,0.0,630.4343352300504,2.0,,630.4343352300504,10.0,True,0.0,,,,,2026-08-29 10:00:23.883938,2026-08-29 03:07:49.488895
2026-08-30 08:00:00,standby,0.0,534.2456344799916,2.0,,534.2456344799916,10.0,True,0.0,,,,,2026-08-29 10:00:23.883952,2026-08-29 03:07:49.488895
2026-08-30 09:00:00,standby,0.0,539.8465345165534,2.0,,539.8465345165534,10.0,True,0.0,,,,,2026-08-29 10:00:23.883964,2026-08-29 03:07:49.488895
2026-08-30 10:00:00,standby,0.0,540.4365551170547,2.0,,540.4365551170547,10.0,True,0.0,,,,,2026-08-29 10:00:23.883977,2026-08-29 03:07:49.488896
2026-08-30 11:00:00,buy,1000.0,428.20298292390464,2.0,,436.7670425823827,10.0,True,-2243.14,,,,,2026-08-29 10:00:23.883996,2026-08-29 03:07:49.488896
2026-08-30 12:00:00,standby,0.0,492.2483631775201,2.0,,492.2483631775201,10.0,True,0.0,,,,,2026-08-29 10:00:23.884009,2026-08-29 03:07:49.488897
2026-08-30 13:00:00,standby,0.0,552.211936412763,2.0,,552.211936412763,10.0,True,0.0,,,,,2026-08-29 10:00:23.884022,2026-08-29 03:07:49.488897
2026-08-30 14:00:00,standby,0.0,1827.4536053826914,2.0,,1827.4536053826914,4663.0,True,0.0,,,,,2026-08-29 10:00:23.884035,2026-08-29 03:07:49.488898
2026-08-30 15:00:00,standby,0.0,5731.907969026,2.0,,5731.907969026,7614.3,True,0.0,,,,,2026-08-29 10:00:23.884054,2026-08-29 03:07:49.488899
2026-08-30 16:00:00,sell,1000.0,7841.345827478545,2.0,,7684.518910928974,10274.0,True,9074.0,,,,,2026-08-29 10:00:23.884072,2026-08-29 03:07:49.488899
2026-08-30 17:00:00,sell,40.0,7343.477887707676,2.0,,7196.608329953522,9800.0,True,344.0,,,,,2026-08-29 10:00:23.884090,2026-08-29 03:07:49.488900
2026-08-30 18:00:00,sell,1000.0,7359.015802899258,2.0,,7211.8354868412725,8500.0,True,7300.0,,,,,2026-08-29 10:00:23.884108,2026-08-29 03:07:49.488900
2026-08-30 19:00:00,sell,1000.0,7367.179070633285,2.0,,7219.835489220619,7500.0,True,6300.0,,,,,2026-08-29 10:00:23.884125,2026-08-29 03:07:49.488901
2026-08-30 20:00:00,standby,0.0,6233.282002198402,2.0,,6233.282002198402,6600.0,True,0.0,,,,,2026-08-29 10:00:23.884138,2026-08-29 03:07:49.488901
2026-08-30 21:00:00,standby,0.0,6133.966214871274,2.0,,6133.966214871274,4099.0,True,0.0,,,,,2026-08-30 10:00:03.597032,2026-08-30 03:14:41.567089
2026-08-30 22:00:00,standby,0.0,5285.35429160068,2.0,,5285.35429160068,2200.0,True,0.0,,,,,2026-08-30 10:00:03.597050,2026-08-30 03:14:41.567092
2026-08-30 23:00:00,standby,0.0,3304.1995826706107,2.0,,3304.1995826706107,1800.0,True,0.0,,,,,2026-08-30 10:00:03.597062,2026-08-30 03:14:41.567093
2026-08-31 00:00:00,standby,0.0,2700.90568907633,2.0,,2700.90568907633,1500.0,True,0.0,,,,,2026-08-30 10:00:03.597075,2026-08-30 03:14:41.567094
2026-08-31 01:00:00,standby,0.0,2695.3866328061854,2.0,,2695.3866328061854,500.0,True,0.0,,,,,2026-08-30 10:00:03.597088,2026-08-30 03:14:41.567094
2026-08-31 02:00:00,standby,0.0,3014.213675805387,2.0,,3014.213675805387,2200.0,True,0.0,,,,,2026-08-30 10:00:03.597100,2026-08-30 03:14:41.567095
2026-08-31 03:00:00,standby,0.0,3014.218934393986,2.0,,3014.218934393986,3700.0,True,0.0,,,,,2026-08-30 10:00:03.597113,2026-08-30 03:14:41.567096
2026-08-31 04:00:00,standby,0.0,5103.869308722357,2.0,,5103.869308722357,5000.0,True,0.0,,,,,2026-08-30 10:00:03.597126,2026-08-30 03:14:41.567096
2026-08-31 05:00:00,standby,0.0,3823.93127498717,2.0,,3823.93127498717,3700.0,True,0.0,,,,,2026-08-30 10:00:03.597139,2026-08-30 03:14:41.567097
2026-08-31 06:00:00,standby,0.0,1183.9496419736438,2.0,,1183.9496419736438,1799.0,True,0.0,,,,,2026-08-30 10:00:03.597152,2026-08-30 03:14:41.567097
2026-08-31 07:00:00,standby,0.0,1049.7142717131846,2.0,,1049.7142717131846,10.0,True,0.0,,,,,2026-08-30 10:00:03.597164,2026-08-30 03:14:41.567098
2026-08-31 08:00:00,buy,368.42105,507.14292305902376,2.0,,517.2857815202043,10.0,True,-826.419994097,,,,,2026-08-30 10:00:03.597186,2026-08-30 03:14:41.567099
2026-08-31 09:00:00,buy,1000.0,445.5805233313268,2.0,,454.49213379795333,10.0,True,-2243.14,,,,,2026-08-30 10:00:03.597204,2026-08-30 03:14:41.567099
2026-08-31 10:00:00,buy,1000.0,396.29607378729077,2.0,,404.2219952630366,10.0,True,-2243.14,,,,,2026-08-30 10:00:03.597222,2026-08-30 03:14:41.567100
2026-08-31 11:00:00,buy,1000.0,507.1391057023032,2.0,,517.2818878163492,10.0,True,-2243.14,,,,,2026-08-30 10:00:03.597239,2026-08-30 03:14:41.567100
2026-08-31 12:00:00,standby,0.0,622.7909654839116,2.0,,622.7909654839116,10.0,True,0.0,,,,,2026-08-30 10:00:03.597250,2026-08-30 03:14:41.567101
2026-08-31 13:00:00,standby,0.0,703.8918606880165,2.0,,703.8918606880165,1000.0,True,0.0,,,,,2026-08-30 10:00:03.597262,2026-08-30 03:14:41.567101
2026-08-31 14:00:00,standby,0.0,4379.465411128868,2.0,,4379.465411128868,4250.0,True,0.0,,,,,2026-08-30 10:00:03.597274,2026-08-30 03:14:41.567101
2026-08-31 15:00:00,sell,40.0,7888.628750938198,2.0,,7730.8561759194345,8500.0,True,292.0,,,,,2026-08-30 10:00:03.597291,2026-08-30 03:14:41.567102
2026-08-31 16:00:00,sell,1000.0,11336.246369294979,2.0,,11109.521441909079,12464.0,True,11264.0,,,,,2026-08-30 10:00:03.597308,2026-08-30 03:14:41.567102
2026-08-31 17:00:00,sell,1000.0,11111.222070472282,2.0,,10888.997629062836,12059.7,True,10859.7,,,,,2026-08-30 10:00:03.597324,2026-08-30 03:14:41.567103
2026-08-31 18:00:00,sell,1000.0,8851.26377690601,2.0,,8674.238501367889,8500.0,False,0.0,8454.82,True,,2026-08-30 11:45:00.007237,2026-08-30 10:00:03.763039,2026-08-30 03:14:41.567103
2026-08-31 19:00:00,standby,0.0,7856.438889672731,2.0,,7856.438889672731,6900.0,True,0.0,,,,,2026-08-30 10:00:03.763077,2026-08-30 03:14:41.567104
2026-08-31 20:00:00,standby,0.0,6432.105430726046,2.0,,6432.105430726046,6000.0,True,0.0,,,,,2026-08-30 10:00:03.763094,2026-08-30 03:14:41.567104
2026-08-31 21:00:00,standby,0.0,5188.409601651931,2.0,,5188.409601651931,7500.0,True,0.0,,,,,2026-08-31 10:00:24.216189,2026-08-31 03:08:41.296116
2026-08-31 22:00:00,standby,0.0,3214.5912714031538,2.0,,3214.5912714031538,6130.0,True,0.0,,,,,2026-08-31 10:00:24.216210,2026-08-31 03:08:41.296120
2026-08-31 23:00:00,standby,0.0,2181.4001000607245,2.0,,2181.4001000607245,5000.0,True,0.0,,,,,2026-08-31 10:00:24.216225,2026-08-31 03:08:41.296121
2026-09-01 00:00:00,standby,0.0,1755.902104072357,2.0,,1755.902104072357,4501.0,True,0.0,,,,,2026-08-31 10:00:24.216239,2026-08-31 03:08:41.296122
2026-09-01 01:00:00,standby,0.0,1183.8209801812677,2.0,,1183.8209801812677,3988.57,True,0.0,,,,,2026-08-31 10:00:24.216253,2026-08-31 03:08:41.296122
2026-09-01 02:00:00,standby,0.0,2217.157752791021,2.0,,2217.157752791021,5470.0,True,0.0,,,,,2026-08-31 10:00:24.216268,2026-08-31 03:08:41.296123
2026-09-01 03:00:00,standby,0.0,3422.4094635263054,2.0,,3422.4094635263054,6300.0,True,0.0,,,,,2026-08-31 10:00:24.216281,2026-08-31 03:08:41.296124
2026-09-01 04:00:00,standby,0.0,4431.625847583769,2.0,,4431.625847583769,7000.0,True,0.0,,,,,2026-08-31 10:00:24.216295,2026-08-31 03:08:41.296124
2026-09-01 05:00:00,standby,0.0,3727.325408730391,2.0,,3727.325408730391,6000.0,True,0.0,,,,,2026-08-31 10:00:24.216309,2026-08-31 03:08:41.296125
2026-09-01 06:00:00,standby,0.0,2478.982839383477,2.0,,2478.982839383477,4000.0,True,0.0,,,,,2026-08-31 10:00:24.216322,2026-08-31 03:08:41.296126
2026-09-01 07:00:00,buy,1000.0,885.7035749918084,2.0,,903.4176464916446,10.0,True,-2243.14,,,,,2026-08-31 10:00:24.216348,2026-08-31 03:08:41.296126
2026-09-01 08:00:00,buy,368.42105,975.8420083067045,2.0,,995.3588484728386,10.0,True,-826.419994097,,,,,2026-08-31 10:00:24.216369,2026-08-31 03:08:41.296127
2026-09-01 09:00:00,standby,0.0,1032.1172099864382,2.0,,1032.1172099864382,10.0,True,0.0,,,,,2026-08-31 10:00:24.216383,2026-08-31 03:08:41.296128
2026-09-01 10:00:00,standby,0.0,1028.1673315466023,2.0,,1028.1673315466023,10.0,True,0.0,,,,,2026-08-31 10:00:24.216396,2026-08-31 03:08:41.296128
2026-09-01 11:00:00,buy,1000.0,953.4854318654336,2.0,,972.5551405027423,10.0,True,-2243.14,,,,,2026-08-31 10:00:24.216415,2026-08-31 03:08:41.296129
2026-09-01 12:00:00,buy,1000.0,949.8155149394177,2.0,,968.811825238206,11.0,True,-2244.1400000000003,,,,,2026-08-31 10:00:24.216434,2026-08-31 03:08:41.296130
2026-09-01 13:00:00,standby,0.0,1935.5410450632826,2.0,,1935.5410450632826,3000.0,True,0.0,,,,,2026-08-31 10:00:24.216448,2026-08-31 03:08:41.296130
2026-09-01 14:00:00,standby,0.0,3973.0284051749472,2.0,,3973.0284051749472,6889.0,True,0.0,,,,,2026-08-31 10:00:24.216826,2026-08-31 03:08:41.296131
2026-09-01 15:00:00,sell,40.0,8102.592751512993,2.0,,7940.540896482733,9427.0,True,329.08,,,,,2026-08-31 10:00:24.216854,2026-08-31 03:08:41.296131
2026-09-01 16:00:00,sell,1000.0,12577.595212681032,2.0,,12326.04330842741,12373.0,True,11173.0,,,,,2026-08-31 10:00:24.216873,2026-08-31 03:08:41.296132
2026-09-01 17:00:00,sell,1000.0,12656.140372017897,2.0,,12403.017564577538,12800.0,True,11600.0,,,,,2026-08-31 10:00:24.216891,2026-08-31 03:08:41.296132
2026-09-01 18:00:00,sell,1000.0,8537.87004873819,2.0,,8367.112647763426,12888.0,True,11688.0,,,,,2026-08-31 10:00:24.216910,2026-08-31 03:08:41.296133
2026-09-01 19:00:00,standby,0.0,7031.984405198764,2.0,,7031.984405198764,9800.0,True,0.0,,,,,2026-08-31 10:00:24.216924,2026-08-31 03:08:41.296133
2026-09-01 20:00:00,standby,0.0,6331.268356220389,2.0,,6331.268356220389,6900.0,True,0.0,,,,,2026-08-31 10:00:24.216937,2026-08-31 03:08:41.296139
2026-09-01 21:00:00,standby,0.0,8222.194190483742,2.0,,8222.194190483742,6350.0,True,0.0,,,,,2026-09-01 10:00:04.514059,2026-09-01 03:10:22.586945
2026-09-01 22:00:00,standby,0.0,6568.091242358342,2.0,,6568.091242358342,5667.67,True,0.0,,,,,2026-09-01 10:00:04.514078,2026-09-01 03:10:22.586948
2026-09-01 23:00:00,standby,0.0,5599.84408664233,2.0,,5599.84408664233,3500.0,True,0.0,,,,,2026-09-01 10:00:04.514092,2026-09-01 03:10:22.586949
2026-09-02 00:00:00,standby,0.0,3560.4685728355344,2.0,,3560.4685728355344,3700.0,True,0.0,,,,,2026-09-01 10:00:04.514106,2026-09-01 03:10:22.586949
2026-09-02 01:00:00,standby,0.0,3257.5360322659362,2.0,,3257.5360322659362,3500.0,True,0.0,,,,,2026-09-01 10:00:04.514120,2026-09-01 03:10:22.586950
2026-09-02 02:00:00,standby,0.0,3273.5399903659973,2.0,,3273.5399903659973,3500.0,True,0.0,,,,,2026-09-01 10:00:04.514134,2026-09-01 03:10:22.586950
2026-09-02 03:00:00,standby,0.0,4214.5354074642755,2.0,,4214.5354074642755,5700.0,True,0.0,,,,,2026-09-01 10:00:04.514147,2026-09-01 03:10:22.586951
2026-09-02 04:00:00,standby,0.0,4969.350696214855,2.0,,4969.350696214855,6300.0,True,0.0,,,,,2026-09-01 10:00:04.514161,2026-09-01 03:10:22.586951
2026-09-02 05:00:00,standby,0.0,4798.6392240777195,2.0,,4798.6392240777195,5700.0,True,0.0,,,,,2026-09-01 10:00:04.514174,2026-09-01 03:10:22.586952
2026-09-02 06:00:00,standby,0.0,3963.4861116080333,2.0,,3963.4861116080333,3889.0,True,0.0,,,,,2026-09-01 10:00:04.514192,2026-09-01 03:10:22.586952
2026-09-02 07:00:00,standby,0.0,2259.185332296005,2.0,,2259.185332296005,378.0,True,0.0,,,,,2026-09-01 10:00:04.514209,2026-09-01 03:10:22.586953
2026-09-02 08:00:00,standby,0.0,2978.3107114220625,2.0,,2978.3107114220625,10.0,True,0.0,,,,,2026-09-01 10:00:04.514226,2026-09-01 03:10:22.586953
2026-09-02 09:00:00,buy,368.42105,1485.4981723776268,2.0,,1515.2081358251794,10.0,True,-826.419994097,,,,,2026-09-01 10:00:04.514256,2026-09-01 03:10:22.586953
2026-09-02 10:00:00,buy,1000.0,745.4954413506819,2.0,,760.4053501776955,10.0,True,-2243.14,,,,,2026-09-01 10:00:04.514283,2026-09-01 03:10:22.586954
2026-09-02 11:00:00,buy,1000.0,760.4723911501947,2.0,,775.6818389731985,10.0,True,-2243.14,,,,,2026-09-01 10:00:04.514308,2026-09-01 03:10:22.586954
2026-09-02 12:00:00,buy,1000.0,719.107712116502,2.0,,733.489866358832,2555.0,False,0.0,2182.18,True,,2026-09-01 11:45:00.005045,2026-09-01 10:00:04.798641,2026-09-01 03:10:22.586955
2026-09-02 13:00:00,standby,0.0,3063.484237364507,2.0,,3063.484237364507,3000.0,True,0.0,,,,,2026-09-01 10:00:04.798676,2026-09-01 03:10:22.586955
2026-09-02 14:00:00,standby,0.0,5300.145805825588,2.0,,5300.145805825588,6000.0,True,0.0,,,,,2026-09-01 10:00:04.798691,2026-09-01 03:10:22.586955
2026-09-02 15:00:00,standby,0.0,7982.932199739791,2.0,,7982.932199739791,8700.0,True,0.0,,,,,2026-09-01 10:00:04.798711,2026-09-01 03:10:22.586956
2026-09-02 16:00:00,sell,1000.0,10396.1627653191,2.0,,10188.239510012718,12500.0,True,11300.0,,,,,2026-09-01 10:00:04.798732,2026-09-01 03:10:22.586956
2026-09-02 17:00:00,sell,1000.0,11718.11112353474,2.0,,11483.748901064046,12721.0,True,11521.0,,,,,2026-09-01 10:00:04.798751,2026-09-01 03:10:22.586957
2026-09-02 18:00:00,sell,1000.0,12349.072643482517,2.0,,12102.091190612868,11549.77,False,0.0,11752.01,True,,2026-09-01 11:45:00.005067,2026-09-01 10:00:04.967757,2026-09-01 03:10:22.586957
2026-09-02 19:00:00,sell,40.0,9599.687676559271,2.0,,9407.693923028086,9800.0,True,344.0,,,,,2026-09-01 10:00:04.967811,2026-09-01 03:10:22.586958
2026-09-02 20:00:00,standby,0.0,6920.918417523115,2.0,,6920.918417523115,8500.0,True,0.0,,,,,2026-09-01 10:00:04.967830,2026-09-01 03:10:22.586958
2026-09-02 21:00:00,standby,0.0,7606.330613628463,2.0,,7606.330613628463,14974.67,True,0.0,,,,,2026-09-02 10:00:23.856180,2026-09-02 03:12:27.330831
2026-09-02 22:00:00,standby,0.0,5911.510441861011,2.0,,5911.510441861011,9208.44,True,0.0,,,,,2026-09-02 10:00:23.856199,2026-09-02 03:12:27.330834
2026-09-02 23:00:00,standby,0.0,4519.142997242928,2.0,,4519.142997242928,7500.0,True,0.0,,,,,2026-09-02 10:00:23.856215,2026-09-02 03:12:27.330835
2026-09-03 00:00:00,standby,0.0,3614.855614199372,2.0,,3614.855614199372,8400.0,True,0.0,,,,,2026-09-02 10:00:23.856230,2026-09-02 03:12:27.330836
2026-09-03 01:00:00,standby,0.0,3520.9933281849117,2.0,,3520.9933281849117,8327.0,True,0.0,,,,,2026-09-02 10:00:23.856244,2026-09-02 03:12:27.330836
2026-09-03 02:00:00,standby,0.0,3920.7245660536923,2.0,,3920.7245660536923,8202.8,True,0.0,,,,,2026-09-02 10:00:23.856259,2026-09-02 03:12:27.330837
2026-09-03 03:00:00,standby,0.0,5085.055526543102,2.0,,5085.055526543102,8881.0,True,0.0,,,,,2026-09-02 10:00:23.856273,2026-09-02 03:12:27.330837
2026-09-03 04:00:00,standby,0.0,5471.520303627826,2.0,,5471.520303627826,10264.0,True,0.0,,,,,2026-09-02 10:00:23.856287,2026-09-02 03:12:27.330838
2026-09-03 05:00:00,standby,0.0,5174.882585746846,2.0,,5174.882585746846,9931.1,True,0.0,,,,,2026-09-02 10:00:23.856301,2026-09-02 03:12:27.330838
2026-09-03 06:00:00,standby,0.0,3996.1993656622108,2.0,,3996.1993656622108,6300.0,True,0.0,,,,,2026-09-02 10:00:23.856315,2026-09-02 03:12:27.330839
2026-09-03 07:00:00,standby,0.0,2812.609598548103,2.0,,2812.609598548103,3500.0,True,0.0,,,,,2026-09-02 10:00:23.856329,2026-09-02 03:12:27.330839
2026-09-03 08:00:00,buy,368.42105,2474.1659639802033,2.0,,2523.6492832598074,1155.0,True,-1248.262096347,,,,,2026-09-02 10:00:23.856354,2026-09-02 03:12:27.330840
2026-09-03 09:00:00,buy,1000.0,1323.45910564223,2.0,,1349.9282877550747,1155.0,True,-3388.14,,,,,2026-09-02 10:00:23.856375,2026-09-02 03:12:27.330840
2026-09-03 10:00:00,buy,1000.0,1115.7419702454529,2.0,,1138.0568096503619,2678.0,False,0.0,2613.23,True,,2026-09-02 11:45:00.005144,2026-09-02 10:00:24.010862,2026-09-02 03:12:27.330840
2026-09-03 11:00:00,buy,1000.0,851.1114684559114,2.0,,868.1336978250297,3500.0,False,0.0,3527.7,True,,2026-09-02 11:45:00.005175,2026-09-02 10:00:24.231420,2026-09-02 03:12:27.330841
2026-09-03 12:00:00,standby,0.0,2917.448827445226,2.0,,2917.448827445226,4985.0,True,0.0,,,,,2026-09-02 10:00:24.231465,2026-09-02 03:12:27.330841
2026-09-03 13:00:00,standby,0.0,3120.010642636125,2.0,,3120.010642636125,7000.0,True,0.0,,,,,2026-09-02 10:00:24.231482,2026-09-02 03:12:27.330842
2026-09-03 14:00:00,standby,0.0,6302.257858548691,2.0,,6302.257858548691,9164.0,True,0.0,,,,,2026-09-02 10:00:24.231496,2026-09-02 03:12:27.330842
2026-09-03 15:00:00,standby,0.0,8058.890312961391,2.0,,8058.890312961391,12965.1,True,0.0,,,,,2026-09-02 10:00:24.231514,2026-09-02 03:12:27.330843
2026-09-03 16:00:00,sell,1000.0,11399.159559026157,2.0,,11171.176367845634,14878.0,True,13678.0,,,,,2026-09-02 10:00:24.231534,2026-09-02 03:12:27.330843
2026-09-03 17:00:00,sell,1000.0,11533.898949374086,2.0,,11303.220970386605,14975.73,True,13775.73,,,,,2026-09-02 10:00:24.231552,2026-09-02 03:12:27.330844
2026-09-03 18:00:00,sell,1000.0,10835.726148017935,2.0,,10619.011625057576,14663.03,True,13463.03,,,,,2026-09-02 10:00:24.231570,2026-09-02 03:12:27.330844
2026-09-03 19:00:00,sell,40.0,10080.482721890448,2.0,,9878.87306745264,12369.43,True,446.7772,,,,,2026-09-02 10:00:24.231587,2026-09-02 03:12:27.330845
2026-09-03 20:00:00,standby,0.0,7839.403509846774,2.0,,7839.403509846774,11999.0,True,0.0,,,,,2026-09-02 10:00:24.231600,2026-09-02 03:12:27.330845
2026-09-03 21:00:00,standby,0.0,12390.606547732834,2.0,,12390.606547732834,,,,,,,,,2026-09-03 03:08:28.050506
2026-09-03 22:00:00,standby,0.0,8091.616926338428,2.0,,8091.616926338428,,,,,,,,,2026-09-03 03:08:28.050509
2026-09-03 23:00:00,standby,0.0,5860.2847678039825,2.0,,5860.2847678039825,,,,,,,,,2026-09-03 03:08:28.050510
2026-09-04 00:00:00,standby,0.0,5895.437292011638,2.0,,5895.437292011638,,,,,,,,,2026-09-03 03:08:28.050511
2026-09-04 01:00:00,standby,0.0,5630.7859901920465,2.0,,5630.7859901920465,,,,,,,,,2026-09-03 03:08:28.050512
2026-09-04 02:00:00,standby,0.0,5543.994619885386,2.0,,5543.994619885386,,,,,,,,,2026-09-03 03:08:28.050512
2026-09-04 03:00:00,standby,0.0,6096.086178172705,2.0,,6096.086178172705,,,,,,,,,2026-09-03 03:08:28.050513
2026-09-04 04:00:00,standby,0.0,7982.232379334843,2.0,,7982.232379334843,,,,,,,,,2026-09-03 03:08:28.050514
2026-09-04 05:00:00,standby,0.0,7466.878981867562,2.0,,7466.878981867562,,,,,,,,,2026-09-03 03:08:28.050514
2026-09-04 06:00:00,standby,0.0,4839.834871336002,2.0,,4839.834871336002,,,,,,,,,2026-09-03 03:08:28.050515
2026-09-04 07:00:00,standby,0.0,3304.282107458644,2.0,,3304.282107458644,,,,,,,,,2026-09-03 03:08:28.050515
2026-09-04 08:00:00,buy,1000.0,2337.8449721888546,2.0,,2384.6018716326316,,,,,,,,,2026-09-03 03:08:28.050516
2026-09-04 09:00:00,buy,1000.0,1597.2408158647136,2.0,,1629.1856321820078,,,,,,,,,2026-09-03 03:08:28.050517
2026-09-04 10:00:00,buy,1000.0,2037.4425641581352,2.0,,2078.191415441298,,,,,,,,,2026-09-03 03:08:28.050517
2026-09-04 11:00:00,buy,368.42105,2463.2403182844128,2.0,,2512.505124650101,,,,,,,,,2026-09-03 03:08:28.050518
2026-09-04 12:00:00,standby,0.0,2922.4212982103736,2.0,,2922.4212982103736,,,,,,,,,2026-09-03 03:08:28.050518
2026-09-04 13:00:00,standby,0.0,4947.74856842663,2.0,,4947.74856842663,,,,,,,,,2026-09-03 03:08:28.050519
2026-09-04 14:00:00,standby,0.0,7973.056595061305,2.0,,7973.056595061305,,,,,,,,,2026-09-03 03:08:28.050519
2026-09-04 15:00:00,standby,0.0,10352.720460709348,2.0,,10352.720460709348,,,,,,,,,2026-09-03 03:08:28.050520
2026-09-04 16:00:00,standby,0.0,10945.541959032154,2.0,,10945.541959032154,,,,,,,,,2026-09-03 03:08:28.050520
2026-09-04 17:00:00,sell,40.0,11486.031084492954,2.0,,11256.310462803094,,,,,,,,,2026-09-03 03:08:28.050521
2026-09-04 18:00:00,sell,1000.0,12992.555630967094,2.0,,12732.704518347751,,,,,,,,,2026-09-03 03:08:28.050522
2026-09-04 19:00:00,sell,1000.0,12291.145802278586,2.0,,12045.322886233014,,,,,,,,,2026-09-03 03:08:28.050522
2026-09-04 20:00:00,sell,1000.0,11685.253095110083,2.0,,11451.548033207882,,,,,,,,,2026-09-03 03:08:28.050523
2026-09-04 21:00:00,standby,0.0,7884.351704460676,2.0,,7884.351704460676,4120.0,True,0.0,,,,,2026-09-04 10:00:23.226594,2026-09-04 03:08:51.116484
2026-09-04 22:00:00,standby,0.0,7728.435039633414,2.0,,7728.435039633414,2997.0,True,0.0,,,,,2026-09-04 10:00:23.226620,2026-09-04 03:08:51.116487
2026-09-04 23:00:00,standby,0.0,5429.563551326117,2.0,,5429.563551326117,2007.0,True,0.0,,,,,2026-09-04 10:00:23.226639,2026-09-04 03:08:51.116488
2026-09-05 00:00:00,standby,0.0,4799.249815547656,2.0,,4799.249815547656,2000.0,True,0.0,,,,,2026-09-04 10:00:23.226654,2026-09-04 03:08:51.116489
2026-09-05 01:00:00,standby,0.0,4879.444389055817,2.0,,4879.444389055817,2000.0,True,0.0,,,,,2026-09-04 10:00:23.226668,2026-09-04 03:08:51.116489
2026-09-05 02:00:00,standby,0.0,4617.973268055161,2.0,,4617.973268055161,2888.0,True,0.0,,,,,2026-09-04 10:00:23.226683,2026-09-04 03:08:51.116490
2026-09-05 03:00:00,standby,0.0,4933.010924253917,2.0,,4933.010924253917,5470.0,True,0.0,,,,,2026-09-04 10:00:23.226696,2026-09-04 03:08:51.116490
2026-09-05 04:00:00,standby,0.0,5812.147445860195,2.0,,5812.147445860195,6300.0,True,0.0,,,,,2026-09-04 10:00:23.226711,2026-09-04 03:08:51.116491
2026-09-05 05:00:00,standby,0.0,4688.562463316534,2.0,,4688.562463316534,4000.0,True,0.0,,,,,2026-09-04 10:00:23.226727,2026-09-04 03:08:51.116491
2026-09-05 06:00:00,standby,0.0,2397.0871924337275,2.0,,2397.0871924337275,988.0,True,0.0,,,,,2026-09-04 10:00:23.226744,2026-09-04 03:08:51.116491
2026-09-05 07:00:00,standby,0.0,2441.043167904259,2.0,,2441.043167904259,119.0,True,0.0,,,,,2026-09-04 10:00:23.226759,2026-09-04 03:08:51.116492
2026-09-05 08:00:00,standby,0.0,1805.461430328901,2.0,,1805.461430328901,10.0,True,0.0,,,,,2026-09-04 10:00:23.226773,2026-09-04 03:08:51.116492
2026-09-05 09:00:00,buy,1000.0,851.1695057230128,2.0,,868.1928958374731,10.0,True,-2243.14,,,,,2026-09-04 10:00:23.226805,2026-09-04 03:08:51.116493
2026-09-05 10:00:00,buy,1000.0,707.7301781546963,2.0,,721.8847817177902,10.0,True,-2243.14,,,,,2026-09-04 10:00:23.226827,2026-09-04 03:08:51.116493
2026-09-05 11:00:00,buy,1000.0,739.0079983858476,2.0,,753.7881583535645,10.0,True,-2243.14,,,,,2026-09-04 10:00:23.226847,2026-09-04 03:08:51.116493
2026-09-05 12:00:00,buy,368.42105,1270.619205177301,2.0,,1296.031589280847,10.0,True,-826.419994097,,,,,2026-09-04 10:00:23.226866,2026-09-04 03:08:51.116494
2026-09-05 13:00:00,standby,0.0,1855.5848810778052,2.0,,1855.5848810778052,301.0,True,0.0,,,,,2026-09-04 10:00:23.226880,2026-09-04 03:08:51.116494
2026-09-05 14:00:00,standby,0.0,4271.850040876069,2.0,,4271.850040876069,4000.0,True,0.0,,,,,2026-09-04 10:00:23.226894,2026-09-04 03:08:51.116495
2026-09-05 15:00:00,standby,0.0,6586.009410622597,2.0,,6586.009410622597,5500.0,True,0.0,,,,,2026-09-04 10:00:23.226909,2026-09-04 03:08:51.116495
2026-09-05 16:00:00,sell,1000.0,7649.3574251538,2.0,,7496.370276650724,5509.1,False,0.0,5514.87,True,,2026-09-04 11:45:00.005334,2026-09-04 10:00:23.404231,2026-09-04 03:08:51.116495
2026-09-05 17:00:00,sell,1000.0,7855.956265697375,2.0,,7698.837140383427,8000.0,True,6800.0,,,,,2026-09-04 10:00:23.404277,2026-09-04 03:08:51.116496
2026-09-05 18:00:00,sell,1000.0,7751.0408649589335,2.0,,7596.020047659755,7500.0,False,0.0,7433.66,True,,2026-09-04 11:45:00.005365,2026-09-04 10:00:23.558543,2026-09-04 03:08:51.116496
2026-09-05 19:00:00,sell,40.0,6752.747052035227,2.0,,6617.692110994522,6575.0,False,0.0,6475.38,True,,2026-09-04 11:45:00.005376,2026-09-04 10:00:23.719113,2026-09-04 03:08:51.116497
2026-09-05 20:00:00,standby,0.0,5424.909497333242,2.0,,5424.909497333242,6124.0,True,0.0,,,,,2026-09-04 10:00:23.719149,2026-09-04 03:08:51.116497
2026-09-05 21:00:00,standby,0.0,6117.698465953861,2.0,,6117.698465953861,6900.0,True,0.0,,,,,2026-09-05 10:00:28.042813,2026-09-05 03:07:45.132517
2026-09-05 22:00:00,standby,0.0,4745.111688780625,2.0,,4745.111688780625,5339.82,True,0.0,,,,,2026-09-05 10:00:28.042830,2026-09-05 03:07:45.132521
2026-09-05 23:00:00,standby,0.0,3406.0820188950825,2.0,,3406.0820188950825,3500.0,True,0.0,,,,,2026-09-05 10:00:28.042844,2026-09-05 03:07:45.132521
2026-09-06 00:00:00,standby,0.0,3450.1258921273857,2.0,,3450.1258921273857,4600.0,True,0.0,,,,,2026-09-05 10:00:28.042856,2026-09-05 03:07:45.132522
2026-09-06 01:00:00,standby,0.0,3387.3734724185074,2.0,,3387.3734724185074,4500.0,True,0.0,,,,,2026-09-05 10:00:28.042869,2026-09-05 03:07:45.132522
2026-09-06 02:00:00,standby,0.0,3179.9546946589803,2.0,,3179.9546946589803,4600.0,True,0.0,,,,,2026-09-05 10:00:28.042881,2026-09-05 03:07:45.132523
2026-09-06 03:00:00,standby,0.0,4608.362220132039,2.0,,4608.362220132039,5470.0,True,0.0,,,,,2026-09-05 10:00:28.042893,2026-09-05 03:07:45.132523
2026-09-06 04:00:00,standby,0.0,5283.926890564738,2.0,,5283.926890564738,3985.0,True,0.0,,,,,2026-09-05 10:00:28.042905,2026-09-05 03:07:45.132524
2026-09-06 05:00:00,standby,0.0,3486.499334698695,2.0,,3486.499334698695,2950.0,True,0.0,,,,,2026-09-05 10:00:28.042916,2026-09-05 03:07:45.132524
2026-09-06 06:00:00,standby,0.0,1694.008638429474,2.0,,1694.008638429474,20.0,True,0.0,,,,,2026-09-05 10:00:28.042928,2026-09-05 03:07:45.132524
2026-09-06 07:00:00,standby,0.0,1450.8417285135577,2.0,,1450.8417285135577,10.0,True,0.0,,,,,2026-09-05 10:00:28.042940,2026-09-05 03:07:45.132525
2026-09-06 08:00:00,standby,0.0,859.3674372511767,2.0,,859.3674372511767,10.0,True,0.0,,,,,2026-09-05 10:00:28.042952,2026-09-05 03:07:45.132525
2026-09-06 09:00:00,buy,1000.0,255.43260573277698,2.0,,260.5412578474325,10.0,True,-2243.14,,,,,2026-09-05 10:00:28.042975,2026-09-05 03:07:45.132526
2026-09-06 10:00:00,buy,368.42105,268.75855656458464,2.0,,274.13372769587636,10.0,True,-826.419994097,,,,,2026-09-05 10:00:28.042993,2026-09-05 03:07:45.132526
2026-09-06 11:00:00,buy,1000.0,162.2836941491064,2.0,,165.5293680320885,10.0,True,-2243.14,,,,,2026-09-05 10:00:28.043010,2026-09-05 03:07:45.132526
2026-09-06 12:00:00,buy,1000.0,226.76855944841336,2.0,,231.30393063738163,10.0,True,-2243.14,,,,,2026-09-05 10:00:28.043027,2026-09-05 03:07:45.132527
2026-09-06 13:00:00,standby,0.0,630.570658242553,2.0,,630.570658242553,10.0,True,0.0,,,,,2026-09-05 10:00:28.043038,2026-09-05 03:07:45.132527
2026-09-06 14:00:00,standby,0.0,3077.968110872707,2.0,,3077.968110872707,253.0,True,0.0,,,,,2026-09-05 10:00:28.043051,2026-09-05 03:07:45.132528
2026-09-06 15:00:00,standby,0.0,4397.05482814159,2.0,,4397.05482814159,4709.0,True,0.0,,,,,2026-09-05 10:00:28.043063,2026-09-05 03:07:45.132528
2026-09-06 16:00:00,standby,0.0,4707.34346882248,2.0,,4707.34346882248,7000.0,True,0.0,,,,,2026-09-05 10:00:28.043075,2026-09-05 03:07:45.132528
2026-09-06 17:00:00,sell,1000.0,6974.866295388205,2.0,,6835.368969480441,10830.0,True,9630.0,,,,,2026-09-05 10:00:28.043091,2026-09-05 03:07:45.132529
2026-09-06 18:00:00,sell,1000.0,7126.0901685551835,2.0,,6983.56836518408,8840.0,True,7640.0,,,,,2026-09-05 10:00:28.043108,2026-09-05 03:07:45.132529
2026-09-06 19:00:00,sell,1000.0,7045.819533075086,2.0,,6904.903142413584,6300.0,False,0.0,6773.68,True,,2026-09-05 11:45:00.004724,2026-09-05 10:00:28.222266,2026-09-05 03:07:45.132530
2026-09-06 20:00:00,sell,40.0,6904.250904955033,2.0,,6766.165886855932,5000.0,False,0.0,5867.31,True,,2026-09-05 11:45:00.004752,2026-09-05 10:00:28.372764,2026-09-05 03:07:45.132530
2026-09-06 21:00:00,standby,0.0,7106.065473578371,2.0,,7106.065473578371,7000.0,True,0.0,,,,,2026-09-07 05:51:58.751892,2026-09-06 03:08:38.597787
2026-09-06 22:00:00,standby,0.0,5195.099924959731,2.0,,5195.099924959731,5000.0,True,0.0,,,,,2026-09-07 05:51:58.751912,2026-09-06 03:08:38.597791
2026-09-06 23:00:00,standby,0.0,3995.2499584292696,2.0,,3995.2499584292696,3500.0,True,0.0,,,,,2026-09-07 05:51:58.751927,2026-09-06 03:08:38.597792
2026-09-07 00:00:00,standby,0.0,3767.457195088284,2.0,,3767.457195088284,3700.0,True,0.0,,,,,2026-09-07 05:51:58.751942,2026-09-06 03:08:38.597792
2026-09-07 01:00:00,standby,0.0,3562.910477928056,2.0,,3562.910477928056,4000.0,True,0.0,,,,,2026-09-07 05:51:58.751956,2026-09-06 03:08:38.597793
2026-09-07 02:00:00,standby,0.0,3782.9337133845725,2.0,,3782.9337133845725,4500.0,True,0.0,,,,,2026-09-07 05:51:58.751971,2026-09-06 03:08:38.597793
2026-09-07 03:00:00,standby,0.0,4490.038376687499,2.0,,4490.038376687499,7000.0,True,0.0,,,,,2026-09-07 05:51:58.751985,2026-09-06 03:08:38.597794
2026-09-07 04:00:00,standby,0.0,4713.181943546423,2.0,,4713.181943546423,10500.0,True,0.0,,,,,2026-09-07 05:51:58.751999,2026-09-06 03:08:38.597794
2026-09-07 05:00:00,standby,0.0,3827.8174493349106,2.0,,3827.8174493349106,6000.0,True,0.0,,,,,2026-09-07 05:51:58.752014,2026-09-06 03:08:38.597795
2026-09-07 06:00:00,standby,0.0,2065.9140597760593,2.0,,2065.9140597760593,2985.0,True,0.0,,,,,2026-09-07 05:51:58.752027,2026-09-06 03:08:38.597795
2026-09-07 07:00:00,standby,0.0,2448.947143221323,2.0,,2448.947143221323,490.0,True,0.0,,,,,2026-09-07 05:51:58.752041,2026-09-06 03:08:38.597795
2026-09-07 08:00:00,standby,0.0,991.9794945849459,2.0,,991.9794945849459,10.0,True,0.0,,,,,2026-09-07 05:51:58.752055,2026-09-06 03:08:38.597796
2026-09-07 09:00:00,buy,1000.0,646.4083676647349,2.0,,659.3365350180296,10.0,True,-2243.14,,,,,2026-09-07 05:51:58.752081,2026-09-06 03:08:38.597796
2026-09-07 10:00:00,buy,1000.0,575.0476263164976,2.0,,586.5485788428275,10.0,True,-2243.14,,,,,2026-09-07 05:51:58.752102,2026-09-06 03:08:38.597797
2026-09-07 11:00:00,buy,1000.0,631.0364211564706,2.0,,643.6571495796001,10.0,True,-2243.14,,,,,2026-09-07 05:51:58.752122,2026-09-06 03:08:38.597797
2026-09-07 12:00:00,buy,368.42105,646.425100701693,2.0,,659.3536027157269,10.0,True,-826.419994097,,,,,2026-09-07 05:51:58.752142,2026-09-06 03:08:38.597797
2026-09-07 13:00:00,standby,0.0,689.9819637767064,2.0,,689.9819637767064,1485.0,True,0.0,,,,,2026-09-07 05:51:58.752156,2026-09-06 03:08:38.597798
2026-09-07 14:00:00,standby,0.0,1599.4844499867238,2.0,,1599.4844499867238,6250.0,True,0.0,,,,,2026-09-07 05:51:58.752170,2026-09-06 03:08:38.597798
2026-09-07 15:00:00,standby,0.0,4272.042897876173,2.0,,4272.042897876173,11116.0,True,0.0,,,,,2026-09-07 05:51:58.752184,2026-09-06 03:08:38.597799
2026-09-07 16:00:00,standby,0.0,5977.7584950598775,2.0,,5977.7584950598775,13895.0,True,0.0,,,,,2026-09-07 05:51:58.752198,2026-09-06 03:08:38.597799
2026-09-07 17:00:00,sell,1000.0,9656.191981182905,2.0,,9463.068141559246,15000.0,True,13800.0,,,,,2026-09-07 05:51:58.752217,2026-09-06 03:08:38.597799
2026-09-07 18:00:00,sell,1000.0,8742.317543607283,2.0,,8567.471192735138,14974.78,True,13774.78,,,,,2026-09-07 05:51:58.752236,2026-09-06 03:08:38.597800
2026-09-07 19:00:00,sell,1000.0,8005.241656927363,2.0,,7845.1368237888155,12500.0,True,11300.0,,,,,2026-09-07 05:51:58.752254,2026-09-06 03:08:38.597800
2026-09-07 20:00:00,sell,40.0,6668.745748233372,2.0,,6535.370833268705,8840.0,True,305.6,,,,,2026-09-07 05:51:58.752277,2026-09-06 03:08:38.597800
2026-09-07 21:00:00,standby,0.0,7703.299893382919,2.0,,7703.299893382919,14977.77,True,0.0,,,,,2026-09-08 08:47:17.981966,2026-09-07 03:07:37.075856
2026-09-07 22:00:00,standby,0.0,5701.3160637225865,2.0,,5701.3160637225865,6350.0,True,0.0,,,,,2026-09-08 08:47:17.981990,2026-09-07 03:07:37.075860
2026-09-07 23:00:00,standby,0.0,4295.258808764362,2.0,,4295.258808764362,5486.0,True,0.0,,,,,2026-09-08 08:47:17.982009,2026-09-07 03:07:37.075861
2026-09-08 00:00:00,buy,108.03324,4167.384773999294,2.0,,4250.732469479281,5500.0,False,0.0,5742.87,True,,2026-09-07 11:45:00.004627,2026-09-08 08:47:18.206207,2026-09-07 03:07:37.075862
2026-09-08 01:00:00,buy,1000.0,4042.187114424697,2.0,,4123.030856713191,5500.0,False,0.0,5560.02,True,,2026-09-07 11:45:00.004659,2026-09-08 08:47:18.384539,2026-09-07 03:07:37.075863
2026-09-08 02:00:00,standby,0.0,4808.448518017564,2.0,,4808.448518017564,6300.0,True,0.0,,,,,2026-09-08 08:47:18.384573,2026-09-07 03:07:37.075863
2026-09-08 03:00:00,standby,0.0,6418.091270342567,2.0,,6418.091270342567,10982.0,True,0.0,,,,,2026-09-08 08:47:18.384588,2026-09-07 03:07:37.075864
2026-09-08 04:00:00,sell,1000.0,9140.842846119827,2.0,,8958.025989197431,12082.0,True,10882.0,,,,,2026-09-08 08:47:18.384609,2026-09-07 03:07:37.075864
2026-09-08 05:00:00,standby,0.0,6177.564280806192,2.0,,6177.564280806192,6988.0,True,0.0,,,,,2026-09-08 08:47:18.384624,2026-09-07 03:07:37.075865
2026-09-08 06:00:00,standby,0.0,3666.23222764055,2.0,,3666.23222764055,4980.0,True,0.0,,,,,2026-09-08 08:47:18.384637,2026-09-07 03:07:37.075865
2026-09-08 07:00:00,standby,0.0,1903.013822758974,2.0,,1903.013822758974,955.0,True,0.0,,,,,2026-09-08 08:47:18.384650,2026-09-07 03:07:37.075866
2026-09-08 08:00:00,buy,368.42105,796.9374244068702,2.0,,812.8761728950076,10.0,True,-826.419994097,,,,,2026-09-08 08:47:18.384668,2026-09-07 03:07:37.075866
2026-09-08 09:00:00,buy,1000.0,701.8129541279885,2.0,,715.8492132105483,25.0,True,-2258.14,,,,,2026-09-08 08:47:18.384686,2026-09-07 03:07:37.075867
2026-09-08 10:00:00,buy,1000.0,667.5176337653135,2.0,,680.8679864406197,100.0,True,-2333.1400000000003,,,,,2026-09-08 08:47:18.384703,2026-09-07 03:07:37.075867
2026-09-08 11:00:00,standby,0.0,797.5873616687221,2.0,,797.5873616687221,10.0,True,0.0,,,,,2026-09-08 08:47:18.384716,2026-09-07 03:07:37.075868
2026-09-08 12:00:00,buy,1000.0,707.3948490893272,2.0,,721.5427460711137,25.0,True,-2258.14,,,,,2026-09-08 08:47:18.384733,2026-09-07 03:07:37.075868
2026-09-08 13:00:00,standby,0.0,2757.603167519182,2.0,,2757.603167519182,2000.0,True,0.0,,,,,2026-09-08 08:47:18.384746,2026-09-07 03:07:37.075869
2026-09-08 14:00:00,standby,0.0,6527.823925154162,2.0,,6527.823925154162,6900.0,True,0.0,,,,,2026-09-08 08:47:18.384758,2026-09-07 03:07:37.075869
2026-09-08 15:00:00,standby,0.0,11067.690538851806,2.0,,11067.690538851806,12000.0,True,0.0,,,,,2026-09-08 08:47:18.384774,2026-09-07 03:07:37.075870
2026-09-08 16:00:00,sell,1000.0,13021.42577665691,2.0,,12760.997261123772,14231.0,True,13031.0,,,,,2026-09-08 08:47:18.384791,2026-09-07 03:07:37.075870
2026-09-08 17:00:00,sell,1000.0,13560.096606171284,2.0,,13288.894674047859,15000.0,True,13800.0,,,,,2026-09-08 08:47:18.384808,2026-09-07 03:07:37.075871
2026-09-08 18:00:00,sell,1000.0,14032.614033970282,2.0,,13751.961753290876,13248.0,False,0.0,13309.18,True,,,2026-09-08 08:47:18.562801,2026-09-07 03:07:37.075872
2026-09-08 19:00:00,sell,40.0,12884.423289857368,2.0,,12626.73482406022,12429.26,False,0.0,12421.97,True,,,2026-09-08 08:47:18.755073,2026-09-07 03:07:37.075872
2026-09-08 20:00:00,standby,0.0,7598.305003612092,2.0,,7598.305003612092,9800.0,True,0.0,,,,,2026-09-08 08:47:18.755107,2026-09-07 03:07:37.075872
2026-09-08 21:00:00,standby,0.0,11474.250456681288,2.0,,11474.250456681288,9000.0,True,0.0,,,,,2026-09-08 11:16:43.028147,2026-09-08 03:04:55.416190
2026-09-08 22:00:00,standby,0.0,5930.745513741392,2.0,,5930.745513741392,7001.0,True,0.0,,,,,2026-09-08 11:16:43.028169,2026-09-08 03:04:55.416193
2026-09-08 23:00:00,buy,108.03324,4596.69085366667,2.0,,4688.624670740003,6575.0,False,0.0,6585.74,True,True,2026-09-08 11:19:47.559260,2026-09-08 11:16:43.224440,2026-09-08 03:04:55.416194
2026-09-09 00:00:00,standby,0.0,4597.910050922903,2.0,,4597.910050922903,6300.0,True,0.0,,,,,2026-09-08 11:16:43.224487,2026-09-08 03:04:55.416194
2026-09-09 01:00:00,buy,1000.0,4536.956888662305,2.0,,4627.696026435551,6300.0,False,0.0,6320.58,True,True,2026-09-08 11:16:36.075593,2026-09-08 11:16:43.409492,2026-09-08 03:04:55.416195
2026-09-09 02:00:00,standby,0.0,5551.419990549768,2.0,,5551.419990549768,6900.0,True,0.0,,,,,2026-09-08 11:16:43.409527,2026-09-08 03:04:55.416195
2026-09-09 03:00:00,standby,0.0,8346.941232880652,2.0,,8346.941232880652,10714.0,True,0.0,,,,,2026-09-08 11:16:43.409544,2026-09-08 03:04:55.416196
2026-09-09 04:00:00,sell,1000.0,11171.214252614083,2.0,,10947.789967561801,11727.93,True,10527.93,,,,,2026-09-08 11:16:43.409571,2026-09-08 03:04:55.416196
2026-09-09 05:00:00,standby,0.0,6344.697949696088,2.0,,6344.697949696088,7000.0,True,0.0,,,,,2026-09-08 11:16:43.409587,2026-09-08 03:04:55.416197
2026-09-09 06:00:00,standby,0.0,4782.307338065499,2.0,,4782.307338065499,4999.0,True,0.0,,,,,2026-09-08 11:16:43.409601,2026-09-08 03:04:55.416197
2026-09-09 07:00:00,standby,0.0,1774.0449169788674,2.0,,1774.0449169788674,1115.0,True,0.0,,,,,2026-09-08 11:16:43.409614,2026-09-08 03:04:55.416197
2026-09-09 08:00:00,buy,368.42105,948.4958517438923,2.0,,967.4657687787702,10.0,True,-826.419994097,,,,,2026-09-08 11:16:43.409634,2026-09-08 03:04:55.416198
2026-09-09 09:00:00,buy,1000.0,788.9576454964871,2.0,,804.7367984064168,25.0,True,-2258.14,,,,,2026-09-08 11:16:43.409653,2026-09-08 03:04:55.416198
2026-09-09 10:00:00,buy,1000.0,783.711121557144,2.0,,799.3853439882869,189.0,True,-2422.1400000000003,,,,,2026-09-08 11:16:43.409671,2026-09-08 03:04:55.416199
2026-09-09 11:00:00,buy,1000.0,617.0605950746324,2.0,,629.401806976125,10.0,True,-2243.14,,,,,2026-09-08 11:16:43.409689,2026-09-08 03:04:55.416199
2026-09-09 12:00:00,standby,0.0,1460.9960486766174,2.0,,1460.9960486766174,25.0,True,0.0,,,,,2026-09-08 11:16:43.409702,2026-09-08 03:04:55.416199
2026-09-09 13:00:00,standby,0.0,2626.6624653024855,2.0,,2626.6624653024855,3999.0,True,0.0,,,,,2026-09-08 11:16:43.409715,2026-09-08 03:04:55.416200
2026-09-09 14:00:00,standby,0.0,6784.781926475188,2.0,,6784.781926475188,7000.0,True,0.0,,,,,2026-09-08 11:16:43.409727,2026-09-08 03:04:55.416200
2026-09-09 15:00:00,sell,40.0,13315.458036840546,2.0,,13049.148876103734,12031.0,False,0.0,12235.36,True,,2026-09-08 11:45:00.006760,2026-09-08 11:16:43.588634,2026-09-08 03:04:55.416201
2026-09-09 16:00:00,sell,1000.0,13463.031656358426,2.0,,13193.771023231257,13921.0,True,12721.0,,,,,2026-09-08 11:16:43.588679,2026-09-08 03:04:55.416201
2026-09-09 17:00:00,sell,1000.0,14262.391507380557,2.0,,13977.143677232945,14999.0,True,13799.0,,,,,2026-09-08 11:16:43.588703,2026-09-08 03:04:55.416201
2026-09-09 18:00:00,sell,1000.0,13436.914742293464,2.0,,13168.176447447595,14386.0,True,13186.0,,,,,2026-09-08 11:16:43.588724,2026-09-08 03:04:55.416202
2026-09-09 19:00:00,standby,0.0,12955.122577065802,2.0,,12955.122577065802,12707.0,True,0.0,,,,,2026-09-08 11:16:43.588740,2026-09-08 03:04:55.416202
2026-09-09 20:00:00,standby,0.0,9694.526224439636,2.0,,9694.526224439636,12384.0,True,0.0,,,,,2026-09-08 11:16:43.588755,2026-09-08 03:04:55.416203
2026-09-09 21:00:00,standby,0.0,7423.29919061184,2.0,,7423.29919061184,14973.97,True,0.0,,,,,2026-09-09 10:00:22.833051,2026-09-09 03:22:56.008109
2026-09-09 22:00:00,standby,0.0,6891.352402544346,2.0,,6891.352402544346,6575.0,True,0.0,,,,,2026-09-09 10:00:22.833071,2026-09-09 03:22:56.008112
2026-09-09 23:00:00,buy,1000.0,6070.878119816102,2.0,,6192.295682212424,6300.0,False,0.0,6179.6,True,,2026-09-09 11:45:00.006814,2026-09-09 10:00:23.029401,2026-09-09 03:22:56.008115
2026-09-10 00:00:00,buy,63.71191099999999,6276.778958920588,2.0,,6402.314538099,6000.0,True,-382.271466,,,,,2026-09-09 10:00:23.029553,2026-09-09 03:22:56.008117
2026-09-10 01:00:00,standby,0.0,6285.873633870582,2.0,,6285.873633870582,5450.0,True,0.0,,,,,2026-09-09 10:00:23.029573,2026-09-09 03:22:56.008117
2026-09-10 02:00:00,standby,0.0,6596.397939782073,2.0,,6596.397939782073,6502.0,True,0.0,,,,,2026-09-09 10:00:23.029588,2026-09-09 03:22:56.008118
2026-09-10 03:00:00,standby,0.0,9390.669946574435,2.0,,9390.669946574435,8500.0,True,0.0,,,,,2026-09-09 10:00:23.029602,2026-09-09 03:22:56.008118
2026-09-10 04:00:00,sell,960.0,10681.3730098893,2.0,,10467.745549691514,9800.0,False,0.0,9067.78,True,,2026-09-09 11:45:00.006845,2026-09-09 10:00:23.211328,2026-09-09 03:22:56.008119
2026-09-10 05:00:00,standby,0.0,7507.515032814325,2.0,,7507.515032814325,7500.0,True,0.0,,,,,2026-09-09 10:00:23.211368,2026-09-09 03:22:56.008120
2026-09-10 06:00:00,standby,0.0,4939.252589129694,2.0,,4939.252589129694,5000.0,True,0.0,,,,,2026-09-09 10:00:23.211387,2026-09-09 03:22:56.008120
2026-09-10 07:00:00,standby,0.0,2052.880710197089,2.0,,2052.880710197089,1115.0,True,0.0,,,,,2026-09-09 10:00:23.211403,2026-09-09 03:22:56.008121
2026-09-10 08:00:00,buy,1000.0,419.609810151055,2.0,,428.0020063540761,10.0,True,-10.0,,,,,2026-09-09 10:00:23.211537,2026-09-09 03:22:56.008121
2026-09-10 09:00:00,buy,1000.0,482.0197839562648,2.0,,491.6601796353901,25.0,True,-25.0,,,,,2026-09-09 10:00:23.211666,2026-09-09 03:22:56.008122
2026-09-10 10:00:00,standby,0.0,1361.4589398480898,2.0,,1361.4589398480898,80.0,True,0.0,,,,,2026-09-09 10:00:23.211687,2026-09-09 03:22:56.008122
2026-09-10 11:00:00,buy,1000.0,835.0814380218993,2.0,,851.7830667823373,25.0,True,-25.0,,,,,2026-09-09 10:00:23.211826,2026-09-09 03:22:56.008122
2026-09-10 12:00:00,buy,368.42105,1276.6973215399428,2.0,,1302.2312679707416,467.0,True,-172.05263035,,,,,2026-09-09 10:00:23.211970,2026-09-09 03:22:56.008123
2026-09-10 13:00:00,standby,0.0,5063.994724427777,2.0,,5063.994724427777,5000.0,True,0.0,,,,,2026-09-09 10:00:23.211995,2026-09-09 03:22:56.008123
2026-09-10 14:00:00,standby,0.0,7538.639260179501,2.0,,7538.639260179501,7500.0,True,0.0,,,,,2026-09-09 10:00:23.212015,2026-09-09 03:22:56.008124
2026-09-10 15:00:00,sell,40.0,12944.900143135988,2.0,,12686.00214027327,12070.0,False,0.0,12016.2,True,,2026-09-09 11:45:00.006856,2026-09-09 10:00:23.404510,2026-09-09 03:22:56.008124
2026-09-10 16:00:00,sell,1000.0,13028.82435238345,2.0,,12768.247865335781,14061.0,True,12861.0,,,,,2026-09-09 10:00:23.404651,2026-09-09 03:22:56.008125
2026-09-10 17:00:00,sell,1000.0,14102.153887498833,2.0,,13820.110809748856,14972.6,True,13772.6,,,,,2026-09-09 10:00:23.404758,2026-09-09 03:22:56.008125
2026-09-10 18:00:00,sell,1000.0,13505.938488895843,2.0,,13235.819719117926,14976.48,True,13776.48,,,,,2026-09-09 10:00:23.404864,2026-09-09 03:22:56.008125
2026-09-10 19:00:00,standby,0.0,12349.77029737481,2.0,,12349.77029737481,11300.0,True,0.0,,,,,2026-09-09 10:00:23.404884,2026-09-09 03:22:56.008126
2026-09-10 20:00:00,standby,0.0,12299.847001323444,2.0,,12299.847001323444,7400.0,True,0.0,,,,,2026-09-09 10:00:23.404900,2026-09-09 03:22:56.008126
2026-09-10 21:00:00,standby,0.0,11907.255687713254,2.0,,11907.255687713254,6300.0,True,0.0,,,,,2026-09-10 10:00:17.360565,2026-09-10 03:18:55.655352
2026-09-10 22:00:00,standby,0.0,7029.0243107193455,2.0,,7029.0243107193455,5470.0,True,0.0,,,,,2026-09-10 10:00:17.360585,2026-09-10 03:18:55.655356
2026-09-10 23:00:00,standby,0.0,5787.490615747666,2.0,,5787.490615747666,4688.0,True,0.0,,,,,2026-09-10 10:00:17.360599,2026-09-10 03:18:55.655359
2026-09-11 00:00:00,buy,63.71191099999999,5705.121808196293,2.0,,5819.224244360219,4200.0,True,-267.5900262,,,,,2026-09-10 10:00:17.360782,2026-09-10 03:18:55.655360
2026-09-11 01:00:00,buy,1000.0,4992.19362243121,2.0,,5092.037494879834,4000.0,True,-4000.0,,,,,2026-09-10 10:00:17.360888,2026-09-10 03:18:55.655361
2026-09-11 02:00:00,standby,0.0,5838.973287701345,2.0,,5838.973287701345,5400.0,True,0.0,,,,,2026-09-10 10:00:17.360907,2026-09-10 03:18:55.655362
2026-09-11 03:00:00,standby,0.0,7163.333825409775,2.0,,7163.333825409775,10000.0,True,0.0,,,,,2026-09-10 10:00:17.360921,2026-09-10 03:18:55.655362
2026-09-11 04:00:00,sell,960.0,9751.569926078579,2.0,,9556.538527557006,12016.0,True,10383.36,,,,,2026-09-10 10:00:17.361029,2026-09-10 03:18:55.655363
2026-09-11 05:00:00,standby,0.0,7189.160592917233,2.0,,7189.160592917233,7990.0,True,0.0,,,,,2026-09-10 10:00:17.361048,2026-09-10 03:18:55.655364
2026-09-11 06:00:00,standby,0.0,4447.190486486864,2.0,,4447.190486486864,6000.0,True,0.0,,,,,2026-09-10 10:00:17.361062,2026-09-10 03:18:55.655364
2026-09-11 07:00:00,standby,0.0,2033.0274207631119,2.0,,2033.0274207631119,1114.0,True,0.0,,,,,2026-09-10 10:00:17.361074,2026-09-10 03:18:55.655365
2026-09-11 08:00:00,buy,1000.0,1215.8232062728473,2.0,,1240.1396703983044,80.0,True,-80.0,,,,,2026-09-10 10:00:17.361174,2026-09-10 03:18:55.655366
2026-09-11 09:00:00,buy,1000.0,1507.2897048669752,2.0,,1537.4354989643148,490.0,True,-490.0,,,,,2026-09-10 10:00:17.361279,2026-09-10 03:18:55.655366
2026-09-11 10:00:00,standby,0.0,1687.9422477166356,2.0,,1687.9422477166356,990.0,True,0.0,,,,,2026-09-10 10:00:17.361296,2026-09-10 03:18:55.655367
2026-09-11 11:00:00,buy,1000.0,1242.1152899523977,2.0,,1266.9575957514458,490.0,True,-490.0,,,,,2026-09-10 10:00:17.361391,2026-09-10 03:18:55.655367
2026-09-11 12:00:00,buy,368.42105,1612.8540511762944,2.0,,1645.1111321998203,4450.0,False,0.0,4707.87,True,True,2026-09-10 11:37:31.159542,2026-09-10 10:00:17.519272,2026-09-10 03:18:55.655368
2026-09-11 13:00:00,standby,0.0,4267.887044759403,2.0,,4267.887044759403,5000.0,True,0.0,,,,,2026-09-10 10:00:17.519304,2026-09-10 03:18:55.655368
2026-09-11 14:00:00,standby,0.0,6988.413469855461,2.0,,6988.413469855461,7500.0,True,0.0,,,,,2026-09-10 10:00:17.519320,2026-09-10 03:18:55.655369
2026-09-11 15:00:00,sell,40.0,12652.545137793733,2.0,,12399.494235037859,11300.0,False,0.0,11147.14,True,,2026-09-10 11:45:00.004445,2026-09-10 10:00:17.661351,2026-09-10 03:18:55.655369
2026-09-11 16:00:00,sell,1000.0,12845.870213883127,2.0,,12588.952809605464,13500.0,True,12300.0,,,,,2026-09-10 10:00:17.661502,2026-09-10 03:18:55.655370
2026-09-11 17:00:00,sell,1000.0,13823.284387130168,2.0,,13546.818699387564,14974.38,True,13774.38,,,,,2026-09-10 10:00:17.661608,2026-09-10 03:18:55.655370
2026-09-11 18:00:00,sell,1000.0,13532.139617035731,2.0,,13261.496824695016,14974.28,True,13774.28,,,,,2026-09-10 10:00:17.661713,2026-09-10 03:18:55.655371
2026-09-11 19:00:00,standby,0.0,10518.029504044463,2.0,,10518.029504044463,8500.0,True,0.0,,,,,2026-09-10 10:00:17.661732,2026-09-10 03:18:55.655371
2026-09-11 20:00:00,standby,0.0,8040.229487530796,2.0,,8040.229487530796,6200.0,True,0.0,,,,,2026-09-10 10:00:17.661745,2026-09-10 03:18:55.655372
2026-09-11 21:00:00,standby,0.0,6503.189129938225,2.0,,6503.189129938225,6200.0,True,0.0,,,,,2026-09-11 10:00:07.932364,2026-09-11 03:05:33.539040
2026-09-11 22:00:00,standby,0.0,4870.643485202817,2.0,,4870.643485202817,6027.0,True,0.0,,,,,2026-09-11 10:00:07.932385,2026-09-11 03:05:33.539043
2026-09-11 23:00:00,standby,0.0,4283.265423636971,2.0,,4283.265423636971,5000.0,True,0.0,,,,,2026-09-11 10:00:07.932400,2026-09-11 03:05:33.539043
2026-09-12 00:00:00,buy,108.03324,4123.5881912812165,2.0,,4206.059955106841,4988.0,False,0.0,5016.78,True,,2026-09-11 11:45:00.004751,2026-09-11 10:00:08.126536,2026-09-11 03:05:33.539044
2026-09-12 01:00:00,buy,1000.0,3802.5120370737254,2.0,,3878.5622778152,4600.0,False,0.0,4509.05,True,,2026-09-11 11:45:00.004774,2026-09-11 10:00:08.289073,2026-09-11 03:05:33.539045
2026-09-12 02:00:00,standby,0.0,4927.246469641866,2.0,,4927.246469641866,5500.0,True,0.0,,,,,2026-09-11 10:00:08.289107,2026-09-11 03:05:33.539045
2026-09-12 03:00:00,standby,0.0,7613.0011014726515,2.0,,7613.0011014726515,7500.0,True,0.0,,,,,2026-09-11 10:00:08.289122,2026-09-11 03:05:33.539046
2026-09-12 04:00:00,sell,1000.0,10587.367099802286,2.0,,10375.61975780624,5500.0,False,0.0,5826.06,True,,2026-09-11 11:45:00.004784,2026-09-11 10:00:08.450354,2026-09-11 03:05:33.539046
2026-09-12 05:00:00,standby,0.0,6356.231979220981,2.0,,6356.231979220981,6300.0,True,0.0,,,,,2026-09-11 10:00:08.450391,2026-09-11 03:05:33.539046
2026-09-12 06:00:00,standby,0.0,4447.254390873893,2.0,,4447.254390873893,6200.0,True,0.0,,,,,2026-09-11 10:00:08.450411,2026-09-11 03:05:33.539047
2026-09-12 07:00:00,buy,368.42105,1753.682702339874,2.0,,1788.7563563866713,1500.0,True,-552.631575,,,,,2026-09-11 10:00:08.450544,2026-09-11 03:05:33.539047
2026-09-12 08:00:00,buy,1000.0,1364.421292076582,2.0,,1391.7097179181137,301.0,True,-301.0,,,,,2026-09-11 10:00:08.450656,2026-09-11 03:05:33.539048
2026-09-12 09:00:00,buy,1000.0,1572.2900962008289,2.0,,1603.7358981248456,500.0,True,-500.0,,,,,2026-09-11 10:00:08.450771,2026-09-11 03:05:33.539048
2026-09-12 10:00:00,standby,0.0,1961.2943868825103,2.0,,1961.2943868825103,500.0,True,0.0,,,,,2026-09-11 10:00:08.450791,2026-09-11 03:05:33.539049
2026-09-12 11:00:00,buy,1000.0,1222.3784112097517,2.0,,1246.8259794339467,436.0,True,-436.0,,,,,2026-09-11 10:00:08.450898,2026-09-11 03:05:33.539049
2026-09-12 12:00:00,standby,0.0,2860.266136845714,2.0,,2860.266136845714,2254.0,True,0.0,,,,,2026-09-11 10:00:08.450917,2026-09-11 03:05:33.539050
2026-09-12 13:00:00,standby,0.0,3390.5922508022136,2.0,,3390.5922508022136,4499.0,True,0.0,,,,,2026-09-11 10:00:08.450935,2026-09-11 03:05:33.539050
2026-09-12 14:00:00,standby,0.0,6591.520004610595,2.0,,6591.520004610595,6960.0,True,0.0,,,,,2026-09-11 10:00:08.450967,2026-09-11 03:05:33.539050
2026-09-12 15:00:00,sell,40.0,9459.792883853464,2.0,,9270.597026176394,9231.0,False,0.0,9323.23,True,,2026-09-11 11:45:00.004793,2026-09-11 10:00:08.613453,2026-09-11 03:05:33.539051
2026-09-12 16:00:00,sell,1000.0,11779.26166863534,2.0,,11543.676435262632,9500.0,False,0.0,9487.63,True,,2026-09-11 11:45:00.004801,2026-09-11 10:00:08.775796,2026-09-11 03:05:33.539051
2026-09-12 17:00:00,sell,1000.0,13739.641255727069,2.0,,13464.848430612526,11307.0,False,0.0,11280.98,True,,2026-09-11 11:45:00.004808,2026-09-11 10:00:08.925765,2026-09-11 03:05:33.539052
2026-09-12 18:00:00,sell,1000.0,13343.97880149126,2.0,,13077.099225461434,10988.2,False,0.0,10678.46,True,,2026-09-11 11:45:00.004816,2026-09-11 10:00:09.080753,2026-09-11 03:05:33.539052
2026-09-12 19:00:00,standby,0.0,8066.088579929875,2.0,,8066.088579929875,9500.0,True,0.0,,,,,2026-09-11 10:00:09.080786,2026-09-11 03:05:33.539052
2026-09-12 20:00:00,standby,0.0,6424.211462783223,2.0,,6424.211462783223,9000.0,True,0.0,,,,,2026-09-11 10:00:09.080802,2026-09-11 03:05:33.539053
2026-09-12 21:00:00,standby,0.0,6181.451163489595,2.0,,6181.451163489595,14952.3,True,0.0,,,,,2026-09-12 10:00:22.783056,2026-09-12 03:20:11.592256
2026-09-12 22:00:00,standby,0.0,5134.360692324572,2.0,,5134.360692324572,7000.0,True,0.0,,,,,2026-09-12 10:00:22.783074,2026-09-12 03:20:11.592259
2026-09-12 23:00:00,standby,0.0,4165.951231747691,2.0,,4165.951231747691,6300.0,True,0.0,,,,,2026-09-12 10:00:22.783088,2026-09-12 03:20:11.592260
2026-09-13 00:00:00,standby,0.0,4387.192599587939,2.0,,4387.192599587939,6000.0,True,0.0,,,,,2026-09-12 10:00:22.783100,2026-09-12 03:20:11.592260
2026-09-13 01:00:00,standby,0.0,3996.831256506168,2.0,,3996.831256506168,5501.0,True,0.0,,,,,2026-09-12 10:00:22.783114,2026-09-12 03:20:11.592261
2026-09-13 02:00:00,standby,0.0,4472.153182973747,2.0,,4472.153182973747,6300.0,True,0.0,,,,,2026-09-12 10:00:22.783127,2026-09-12 03:20:11.592261
2026-09-13 03:00:00,standby,0.0,6184.99522432429,2.0,,6184.99522432429,6350.0,True,0.0,,,,,2026-09-12 10:00:22.783140,2026-09-12 03:20:11.592262
2026-09-13 04:00:00,standby,0.0,5134.954801622893,2.0,,5134.954801622893,6300.0,True,0.0,,,,,2026-09-12 10:00:22.783152,2026-09-12 03:20:11.592262
2026-09-13 05:00:00,standby,0.0,5300.840058065524,2.0,,5300.840058065524,7200.0,True,0.0,,,,,2026-09-12 10:00:22.783164,2026-09-12 03:20:11.592263
2026-09-13 06:00:00,standby,0.0,4198.15892422969,2.0,,4198.15892422969,7806.0,True,0.0,,,,,2026-09-12 10:00:22.783177,2026-09-12 03:20:11.592263
2026-09-13 07:00:00,standby,0.0,2256.33438741406,2.0,,2256.33438741406,3888.0,True,0.0,,,,,2026-09-12 10:00:22.783189,2026-09-12 03:20:11.592264
2026-09-13 08:00:00,buy,1000.0,1528.2001150729134,2.0,,1558.7641173743716,1987.0,False,0.0,3200.55,True,,2026-09-12 11:45:00.005042,2026-09-12 10:00:22.972577,2026-09-12 03:20:11.592264
2026-09-13 09:00:00,buy,368.42105,1531.281150675977,2.0,,1561.9067736894965,2760.0,False,0.0,4725.9,True,,2026-09-12 11:45:00.005065,2026-09-12 10:00:23.135995,2026-09-12 03:20:11.592265
2026-09-13 10:00:00,buy,1000.0,1368.8813795203505,2.0,,1396.2590071107575,1587.0,False,0.0,2440.22,True,,2026-09-12 11:45:00.005076,2026-09-12 10:00:23.295866,2026-09-12 03:20:11.592265
2026-09-13 11:00:00,buy,1000.0,989.0982891202386,2.0,,1008.8802549026434,670.0,True,-670.0,,,,,2026-09-12 10:00:23.296000,2026-09-12 03:20:11.592266
2026-09-13 12:00:00,standby,0.0,2265.9655158445144,2.0,,2265.9655158445144,1634.0,True,0.0,,,,,2026-09-12 10:00:23.296023,2026-09-12 03:20:11.592266
2026-09-13 13:00:00,standby,0.0,3484.3325805667546,2.0,,3484.3325805667546,4600.0,True,0.0,,,,,2026-09-12 10:00:23.296040,2026-09-12 03:20:11.592267
2026-09-13 14:00:00,standby,0.0,6351.158099341775,2.0,,6351.158099341775,6754.0,True,0.0,,,,,2026-09-12 10:00:23.296056,2026-09-12 03:20:11.592267
2026-09-13 15:00:00,standby,0.0,9279.68880293062,2.0,,9279.68880293062,8840.0,True,0.0,,,,,2026-09-12 10:00:23.296072,2026-09-12 03:20:11.592267
2026-09-13 16:00:00,sell,1000.0,9848.253911180618,2.0,,9651.288832957005,11191.42,True,9991.42,,,,,2026-09-12 10:00:23.296181,2026-09-12 03:20:11.592268
2026-09-13 17:00:00,sell,1000.0,11157.075864008852,2.0,,10933.934346728674,11687.0,True,10487.0,,,,,2026-09-12 10:00:23.296291,2026-09-12 03:20:11.592268
2026-09-13 18:00:00,sell,1000.0,10856.84797297708,2.0,,10639.711013517539,11714.0,True,10514.0,,,,,2026-09-12 10:00:23.296397,2026-09-12 03:20:11.592269
2026-09-13 19:00:00,sell,40.0,9325.175940331548,2.0,,9138.672421524918,10500.0,True,372.0,,,,,2026-09-12 10:00:23.296514,2026-09-12 03:20:11.592269
2026-09-13 20:00:00,standby,0.0,8423.70412253545,2.0,,8423.70412253545,7500.0,True,0.0,,,,,2026-09-12 10:00:23.296533,2026-09-12 03:20:11.592270
2026-09-13 21:00:00,standby,0.0,11051.151340432953,2.0,,11051.151340432953,6800.0,True,0.0,,,,,2026-09-13 10:00:23.100806,2026-09-13 03:05:29.847890
2026-09-13 22:00:00,standby,0.0,6304.816563858733,2.0,,6304.816563858733,4600.0,True,0.0,,,,,2026-09-13 10:00:23.100826,2026-09-13 03:05:29.847893
2026-09-13 23:00:00,standby,0.0,5238.9365933902345,2.0,,5238.9365933902345,4000.0,True,0.0,,,,,2026-09-13 10:00:23.100842,2026-09-13 03:05:29.847894
2026-09-14 00:00:00,standby,0.0,5222.809902467624,2.0,,5222.809902467624,3999.0,True,0.0,,,,,2026-09-13 10:00:23.100856,2026-09-13 03:05:29.847895
2026-09-14 01:00:00,standby,0.0,4261.456966413537,2.0,,4261.456966413537,3999.99,True,0.0,,,,,2026-09-13 10:00:23.100871,2026-09-13 03:05:29.847895
2026-09-14 02:00:00,standby,0.0,5595.04117062646,2.0,,5595.04117062646,6200.0,True,0.0,,,,,2026-09-13 10:00:23.100886,2026-09-13 03:05:29.847896
2026-09-14 03:00:00,standby,0.0,6902.022886357076,2.0,,6902.022886357076,6300.0,True,0.0,,,,,2026-09-13 10:00:23.100900,2026-09-13 03:05:29.847896
2026-09-14 04:00:00,standby,0.0,8091.390737399488,2.0,,8091.390737399488,7500.0,True,0.0,,,,,2026-09-13 10:00:23.100914,2026-09-13 03:05:29.847896
2026-09-14 05:00:00,standby,0.0,6866.353804973,2.0,,6866.353804973,8500.0,True,0.0,,,,,2026-09-13 10:00:23.100928,2026-09-13 03:05:29.847897
2026-09-14 06:00:00,standby,0.0,7353.92609545223,2.0,,7353.92609545223,6298.0,True,0.0,,,,,2026-09-13 10:00:23.100943,2026-09-13 03:05:29.847897
2026-09-14 07:00:00,standby,0.0,4251.787302245266,2.0,,4251.787302245266,1877.0,True,0.0,,,,,2026-09-13 10:00:23.100957,2026-09-13 03:05:29.847898
2026-09-14 08:00:00,buy,368.42105,3005.3406420352776,2.0,,3065.447454875983,954.0,True,-351.4736817,,,,,2026-09-13 10:00:23.101194,2026-09-13 03:05:29.847898
2026-09-14 09:00:00,standby,0.0,3503.031051790802,2.0,,3503.031051790802,1134.0,True,0.0,,,,,2026-09-13 10:00:23.101215,2026-09-13 03:05:29.847899
2026-09-14 10:00:00,buy,1000.0,2651.8842796877025,2.0,,2704.921965281457,1200.0,True,-1200.0,,,,,2026-09-13 10:00:23.101334,2026-09-13 03:05:29.847899
2026-09-14 11:00:00,buy,1000.0,1945.9025638630794,2.0,,1984.820615140341,878.0,True,-878.0,,,,,2026-09-13 10:00:23.101450,2026-09-13 03:05:29.847899
2026-09-14 12:00:00,buy,1000.0,2787.473394458874,2.0,,2843.2228623480514,1285.9,True,-1285.9,,,,,2026-09-13 10:00:23.101577,2026-09-13 03:05:29.847900
2026-09-14 13:00:00,standby,0.0,4431.09996275684,2.0,,4431.09996275684,2915.0,True,0.0,,,,,2026-09-13 10:00:23.101596,2026-09-13 03:05:29.847900
2026-09-14 14:00:00,standby,0.0,6785.106940610043,2.0,,6785.106940610043,6250.0,True,0.0,,,,,2026-09-13 10:00:23.101611,2026-09-13 03:05:29.847901
2026-09-14 15:00:00,standby,0.0,10464.151148251358,2.0,,10464.151148251358,8500.0,True,0.0,,,,,2026-09-13 10:00:23.101627,2026-09-13 03:05:29.847901
2026-09-14 16:00:00,sell,40.0,11327.402537669823,2.0,,11100.854486916425,10500.0,False,0.0,10053.62,True,,2026-09-13 11:45:00.004646,2026-09-13 10:00:23.303702,2026-09-13 03:05:29.847902
2026-09-14 17:00:00,sell,1000.0,12124.53678850167,2.0,,11882.046052731635,12424.0,True,11224.0,,,,,2026-09-13 10:00:23.303836,2026-09-13 03:05:29.847902
2026-09-14 18:00:00,sell,1000.0,12135.670427082423,2.0,,11892.957018540774,11500.0,False,0.0,10655.2,True,,2026-09-13 11:45:00.004669,2026-09-13 10:00:23.468907,2026-09-13 03:05:29.847903
2026-09-14 19:00:00,sell,1000.0,11726.258389442539,2.0,,11491.733221653687,7000.0,False,0.0,6339.64,True,,2026-09-13 11:45:00.004679,2026-09-13 10:00:23.679120,2026-09-13 03:05:29.847903
2026-09-14 20:00:00,standby,0.0,7763.010300996148,2.0,,7763.010300996148,6200.0,True,0.0,,,,,2026-09-13 10:00:23.679159,2026-09-13 03:05:29.847903
2026-09-14 21:00:00,standby,0.0,7766.486503553206,2.0,,7766.486503553206,6200.0,True,0.0,,,,,2026-09-14 10:00:11.272266,2026-09-14 03:05:18.375183
2026-09-14 22:00:00,standby,0.0,5547.429718330075,2.0,,5547.429718330075,5798.0,True,0.0,,,,,2026-09-14 10:00:11.272284,2026-09-14 03:05:18.375186
2026-09-14 23:00:00,standby,0.0,4773.084312247416,2.0,,4773.084312247416,5500.0,True,0.0,,,,,2026-09-14 10:00:11.272298,2026-09-14 03:05:18.375187
2026-09-15 00:00:00,standby,0.0,4629.771619901483,2.0,,4629.771619901483,4800.0,True,0.0,,,,,2026-09-14 10:00:11.272311,2026-09-14 03:05:18.375188
2026-09-15 01:00:00,buy,1000.0,4434.40408109426,2.0,,4523.092162716145,5500.0,False,0.0,5424.97,True,,2026-09-14 11:45:00.004583,2026-09-14 10:00:11.430653,2026-09-14 03:05:18.375188
2026-09-15 02:00:00,standby,0.0,6088.594619599846,2.0,,6088.594619599846,6298.0,True,0.0,,,,,2026-09-14 10:00:11.430686,2026-09-14 03:05:18.375189
2026-09-15 03:00:00,standby,0.0,7513.88850585987,2.0,,7513.88850585987,7400.0,True,0.0,,,,,2026-09-14 10:00:11.430701,2026-09-14 03:05:18.375189
2026-09-15 04:00:00,sell,902.5,8367.328866089954,2.0,,8199.982288768155,9800.0,True,7761.5,,,,,2026-09-14 10:00:11.430806,2026-09-14 03:05:18.375189
2026-09-15 05:00:00,standby,0.0,7474.689139784737,2.0,,7474.689139784737,7000.0,True,0.0,,,,,2026-09-14 10:00:11.430824,2026-09-14 03:05:18.375190
2026-09-15 06:00:00,standby,0.0,6974.780301473907,2.0,,6974.780301473907,4900.0,True,0.0,,,,,2026-09-14 10:00:11.430838,2026-09-14 03:05:18.375190
2026-09-15 07:00:00,standby,0.0,2988.4675575313768,2.0,,2988.4675575313768,849.0,True,0.0,,,,,2026-09-14 10:00:11.430851,2026-09-14 03:05:18.375191
2026-09-15 08:00:00,standby,0.0,2202.7319380114045,2.0,,2202.7319380114045,10.0,True,0.0,,,,,2026-09-14 10:00:11.430864,2026-09-14 03:05:18.375191
2026-09-15 09:00:00,buy,368.42105,2126.1329440214295,2.0,,2168.655602901858,10.0,True,-3.6842105,,,,,2026-09-14 10:00:11.430967,2026-09-14 03:05:18.375192
2026-09-15 10:00:00,buy,1000.0,2059.9301713764407,2.0,,2101.1287748039695,10.0,True,-10.0,,,,,2026-09-14 10:00:11.431100,2026-09-14 03:05:18.375192
2026-09-15 11:00:00,buy,1000.0,1642.3352816421766,2.0,,1675.1819872750202,10.0,True,-10.0,,,,,2026-09-14 10:00:11.431208,2026-09-14 03:05:18.375192
2026-09-15 12:00:00,buy,1000.0,2051.9838423404353,2.0,,2093.023519187244,877.0,True,-877.0,,,,,2026-09-14 10:00:11.431325,2026-09-14 03:05:18.375193
2026-09-15 13:00:00,standby,0.0,3472.204719072522,2.0,,3472.204719072522,1343.0,True,0.0,,,,,2026-09-14 10:00:11.431344,2026-09-14 03:05:18.375193
2026-09-15 14:00:00,standby,0.0,6716.042615877152,2.0,,6716.042615877152,5000.0,True,0.0,,,,,2026-09-14 10:00:11.431360,2026-09-14 03:05:18.375194
2026-09-15 15:00:00,sell,40.0,10151.175123723953,2.0,,9948.151621249473,9000.0,False,0.0,8540.86,True,,2026-09-14 11:45:00.004604,2026-09-14 10:00:11.584437,2026-09-14 03:05:18.375194
2026-09-15 16:00:00,sell,1000.0,11115.891432912844,2.0,,10893.573604254587,9999.0,False,0.0,9950.92,True,,2026-09-14 11:45:00.004614,2026-09-14 10:00:11.737151,2026-09-14 03:05:18.375194
2026-09-15 17:00:00,sell,1000.0,12917.782139571334,2.0,,12659.426496779908,12000.0,False,0.0,11925.15,True,,2026-09-14 11:45:00.004622,2026-09-14 10:00:11.879929,2026-09-14 03:05:18.375195
2026-09-15 18:00:00,sell,1000.0,11234.92214097017,2.0,,11010.223698150767,14000.0,True,12800.0,,,,,2026-09-14 10:00:11.880054,2026-09-14 03:05:18.375195
2026-09-15 19:00:00,standby,0.0,8893.902104592604,2.0,,8893.902104592604,9000.0,True,0.0,,,,,2026-09-14 10:00:11.880073,2026-09-14 03:05:18.375196
2026-09-15 20:00:00,standby,0.0,8018.9157521507195,2.0,,8018.9157521507195,6878.0,True,0.0,,,,,2026-09-14 10:00:11.880092,2026-09-14 03:05:18.375196
2026-09-15 21:00:00,standby,0.0,7442.436398157165,2.0,,7442.436398157165,6200.0,True,0.0,,,,,2026-09-15 10:00:08.012770,2026-09-15 03:05:14.155431
2026-09-15 22:00:00,standby,0.0,5698.495065499883,2.0,,5698.495065499883,6488.0,True,0.0,,,,,2026-09-15 10:00:08.012789,2026-09-15 03:05:14.155434
2026-09-15 23:00:00,buy,108.03324,5023.137784211627,2.0,,5123.60053989586,6000.0,False,0.0,6069.69,True,,2026-09-15 11:45:00.005738,2026-09-15 10:00:08.188315,2026-09-15 03:05:14.155434
2026-09-16 00:00:00,buy,1000.0,4818.87972056224,2.0,,4915.257314973485,5500.0,False,0.0,5951.95,True,,2026-09-15 11:45:00.005761,2026-09-15 10:00:08.332782,2026-09-15 03:05:14.155435
2026-09-16 01:00:00,standby,0.0,5044.480266687523,2.0,,5044.480266687523,4800.0,True,0.0,,,,,2026-09-15 10:00:08.332819,2026-09-15 03:05:14.155435
2026-09-16 02:00:00,standby,0.0,6078.913914569122,2.0,,6078.913914569122,6300.0,True,0.0,,,,,2026-09-15 10:00:08.332837,2026-09-15 03:05:14.155436
2026-09-16 03:00:00,standby,0.0,7583.074108481529,2.0,,7583.074108481529,10019.0,True,0.0,,,,,2026-09-15 10:00:08.332854,2026-09-15 03:05:14.155436
2026-09-16 04:00:00,sell,1000.0,10310.41706045274,2.0,,10104.208719243687,12627.0,True,11427.0,,,,,2026-09-15 10:00:08.332965,2026-09-15 03:05:14.155437
2026-09-16 05:00:00,standby,0.0,7265.637927106102,2.0,,7265.637927106102,7200.0,True,0.0,,,,,2026-09-15 10:00:08.332985,2026-09-15 03:05:14.155437
2026-09-16 06:00:00,standby,0.0,5515.418392935951,2.0,,5515.418392935951,3998.0,True,0.0,,,,,2026-09-15 10:00:08.333001,2026-09-15 03:05:14.155438
2026-09-16 07:00:00,standby,0.0,2187.717384845407,2.0,,2187.717384845407,699.0,True,0.0,,,,,2026-09-15 10:00:08.333017,2026-09-15 03:05:14.155438
2026-09-16 08:00:00,buy,368.42105,1130.8532261942644,2.0,,1153.4702907181497,10.0,True,-3.6842105,,,,,2026-09-15 10:00:08.333121,2026-09-15 03:05:14.155438
2026-09-16 09:00:00,buy,1000.0,1058.4270913368164,2.0,,1079.5956331635527,10.0,True,-10.0,,,,,2026-09-15 10:00:08.333224,2026-09-15 03:05:14.155439
2026-09-16 10:00:00,buy,1000.0,1085.9724442189888,2.0,,1107.6918931033686,10.0,True,-10.0,,,,,2026-09-15 10:00:08.333326,2026-09-15 03:05:14.155439
2026-09-16 11:00:00,buy,1000.0,1068.8099669835628,2.0,,1090.1861663232341,10.0,True,-10.0,,,,,2026-09-15 10:00:08.333431,2026-09-15 03:05:14.155440
2026-09-16 12:00:00,standby,0.0,1697.5938136842933,2.0,,1697.5938136842933,1259.0,True,0.0,,,,,2026-09-15 10:00:08.333450,2026-09-15 03:05:14.155440
2026-09-16 13:00:00,standby,0.0,2615.9398992354904,2.0,,2615.9398992354904,2789.0,True,0.0,,,,,2026-09-15 10:00:08.333477,2026-09-15 03:05:14.155440
2026-09-16 14:00:00,standby,0.0,5767.154191622823,2.0,,5767.154191622823,6000.0,True,0.0,,,,,2026-09-15 10:00:08.333492,2026-09-15 03:05:14.155441
2026-09-16 15:00:00,sell,40.0,9361.39499602243,2.0,,9174.167096101983,9500.0,True,332.0,,,,,2026-09-15 10:00:08.333593,2026-09-15 03:05:14.155441
2026-09-16 16:00:00,sell,1000.0,10308.255906009676,2.0,,10102.090787889481,12000.0,True,10800.0,,,,,2026-09-15 10:00:08.333695,2026-09-15 03:05:14.155442
2026-09-16 17:00:00,sell,1000.0,12864.395074414488,2.0,,12607.107172926198,14952.1,True,13752.1,,,,,2026-09-15 10:00:08.333794,2026-09-15 03:05:14.155442
2026-09-16 18:00:00,sell,1000.0,12556.819174870603,2.0,,12305.68279137319,12000.0,False,0.0,11351.32,True,,2026-09-15 11:45:00.005771,2026-09-15 10:00:08.491701,2026-09-15 03:05:14.155442
2026-09-16 19:00:00,standby,0.0,9111.630116297956,2.0,,9111.630116297956,8500.0,True,0.0,,,,,2026-09-15 10:00:08.491739,2026-09-15 03:05:14.155443
2026-09-16 20:00:00,standby,0.0,7886.153080537909,2.0,,7886.153080537909,6300.0,True,0.0,,,,,2026-09-15 10:00:08.491757,2026-09-15 03:05:14.155443
2026-09-16 21:00:00,standby,0.0,7100.42491599801,2.0,,7100.42491599801,5999.0,True,0.0,,,,,2026-09-16 10:00:12.901341,2026-09-16 03:02:51.240133
2026-09-16 22:00:00,standby,0.0,5883.802581154127,2.0,,5883.802581154127,5470.0,True,0.0,,,,,2026-09-16 10:00:12.901359,2026-09-16 03:02:51.240137
2026-09-16 23:00:00,standby,0.0,5841.381912346931,2.0,,5841.381912346931,4800.0,True,0.0,,,,,2026-09-16 10:00:12.901372,2026-09-16 03:02:51.240138
2026-09-17 00:00:00,buy,108.03324,5160.8601698912325,2.0,,5264.0773732890575,4500.0,True,-486.14958,,,,,2026-09-16 10:00:12.901589,2026-09-16 03:02:51.240139
2026-09-17 01:00:00,buy,1000.0,4864.356748326442,2.0,,4961.643883292972,4600.0,True,-4600.0,,,,,2026-09-16 10:00:12.901693,2026-09-16 03:02:51.240139
2026-09-17 02:00:00,standby,0.0,6028.478239650848,2.0,,6028.478239650848,5470.0,True,0.0,,,,,2026-09-16 10:00:12.901711,2026-09-16 03:02:51.240140
2026-09-17 03:00:00,standby,0.0,8975.322609473173,2.0,,8975.322609473173,10068.0,True,0.0,,,,,2026-09-16 10:00:12.901724,2026-09-16 03:02:51.240141
2026-09-17 04:00:00,sell,1000.0,10007.542299552102,2.0,,9807.39145356106,11638.0,True,10438.0,,,,,2026-09-16 10:00:12.901820,2026-09-16 03:02:51.240141
2026-09-17 05:00:00,standby,0.0,6973.29751295622,2.0,,6973.29751295622,7500.0,True,0.0,,,,,2026-09-16 10:00:12.901837,2026-09-16 03:02:51.240142
2026-09-17 06:00:00,standby,0.0,4423.778747119508,2.0,,4423.778747119508,4880.0,True,0.0,,,,,2026-09-16 10:00:12.901850,2026-09-16 03:02:51.240142
2026-09-17 07:00:00,standby,0.0,1428.8841488092237,2.0,,1428.8841488092237,849.0,True,0.0,,,,,2026-09-16 10:00:12.901862,2026-09-16 03:02:51.240143
2026-09-17 08:00:00,buy,1000.0,803.8428925738041,2.0,,819.9197504252802,10.0,True,-10.0,,,,,2026-09-16 10:00:12.901952,2026-09-16 03:02:51.240143
2026-09-17 09:00:00,buy,368.42105,865.0904283747061,2.0,,882.3922369422003,10.0,True,-3.6842105,,,,,2026-09-16 10:00:12.902046,2026-09-16 03:02:51.240144
2026-09-17 10:00:00,buy,1000.0,773.3043167012274,2.0,,788.770403035252,10.0,True,-10.0,,,,,2026-09-16 10:00:12.902141,2026-09-16 03:02:51.240145
2026-09-17 11:00:00,buy,1000.0,790.2312909501326,2.0,,806.0359167691353,10.0,True,-10.0,,,,,2026-09-16 10:00:12.902233,2026-09-16 03:02:51.240145
2026-09-17 12:00:00,standby,0.0,1349.3066834720678,2.0,,1349.3066834720678,1158.0,True,0.0,,,,,2026-09-16 10:00:12.902250,2026-09-16 03:02:51.240145
2026-09-17 13:00:00,standby,0.0,3101.3786550465147,2.0,,3101.3786550465147,2990.0,True,0.0,,,,,2026-09-16 10:00:12.902262,2026-09-16 03:02:51.240146
2026-09-17 14:00:00,standby,0.0,6311.055697624797,2.0,,6311.055697624797,6300.0,True,0.0,,,,,2026-09-16 10:00:12.902274,2026-09-16 03:02:51.240146
2026-09-17 15:00:00,sell,40.0,9739.128745687509,2.0,,9544.346170773759,11939.0,True,429.56,,,,,2026-09-16 10:00:12.902363,2026-09-16 03:02:51.240147
2026-09-17 16:00:00,sell,1000.0,11253.843249451726,2.0,,11028.766384462691,13910.0,True,12710.0,,,,,2026-09-16 10:00:12.902471,2026-09-16 03:02:51.240147
2026-09-17 17:00:00,sell,1000.0,11985.094353372157,2.0,,11745.392466304713,14978.01,True,13778.01,,,,,2026-09-16 10:00:12.902564,2026-09-16 03:02:51.240148
2026-09-17 18:00:00,sell,1000.0,11523.121363157528,2.0,,11292.658935894378,14066.0,True,12866.0,,,,,2026-09-16 10:00:12.902656,2026-09-16 03:02:51.240148
2026-09-17 19:00:00,standby,0.0,8605.543773953192,2.0,,8605.543773953192,12382.0,True,0.0,,,,,2026-09-16 10:00:12.902672,2026-09-16 03:02:51.240149
2026-09-17 20:00:00,standby,0.0,6690.742196562218,2.0,,6690.742196562218,8000.0,True,0.0,,,,,2026-09-16 10:00:12.902685,2026-09-16 03:02:51.240149
2026-09-17 21:00:00,standby,0.0,6832.282635118121,2.0,,6832.282635118121,7400.0,True,0.0,,,,,2026-09-17 10:00:26.465926,2026-09-17 03:02:57.731124
2026-09-17 22:00:00,standby,0.0,5418.008105716022,2.0,,5418.008105716022,6300.0,True,0.0,,,,,2026-09-17 10:00:26.465946,2026-09-17 03:02:57.731127
2026-09-17 23:00:00,standby,0.0,5045.048284699573,2.0,,5045.048284699573,6250.0,True,0.0,,,,,2026-09-17 10:00:26.465962,2026-09-17 03:02:57.731128
2026-09-18 00:00:00,buy,108.03324,4436.744216347886,2.0,,4525.479100674844,6000.0,False,0.0,6107.77,True,,2026-09-17 11:45:00.005517,2026-09-17 10:00:26.635061,2026-09-17 03:02:57.731128
2026-09-18 01:00:00,buy,1000.0,4172.553044808366,2.0,,4256.004105704534,6250.0,False,0.0,6373.17,True,,2026-09-17 11:45:00.005539,2026-09-17 10:00:26.787896,2026-09-17 03:02:57.731129
2026-09-18 02:00:00,standby,0.0,5355.8663276815105,2.0,,5355.8663276815105,7000.0,True,0.0,,,,,2026-09-17 10:00:26.787934,2026-09-17 03:02:57.731129
2026-09-18 03:00:00,standby,0.0,9164.6929293895,2.0,,9164.6929293895,10500.0,True,0.0,,,,,2026-09-17 10:00:26.787952,2026-09-17 03:02:57.731130
2026-09-18 04:00:00,sell,1000.0,10304.474585161837,2.0,,10098.3850934586,11500.0,True,10300.0,,,,,2026-09-17 10:00:26.788058,2026-09-17 03:02:57.731130
2026-09-18 05:00:00,standby,0.0,7335.803088008299,2.0,,7335.803088008299,11500.0,True,0.0,,,,,2026-09-17 10:00:26.788079,2026-09-17 03:02:57.731131
2026-09-18 06:00:00,standby,0.0,5108.894366293569,2.0,,5108.894366293569,8500.0,True,0.0,,,,,2026-09-17 10:00:26.788095,2026-09-17 03:02:57.731131
2026-09-18 07:00:00,standby,0.0,1349.8670269257013,2.0,,1349.8670269257013,1980.0,True,0.0,,,,,2026-09-17 10:00:26.788111,2026-09-17 03:02:57.731131
2026-09-18 08:00:00,buy,1000.0,939.7492327842832,2.0,,958.5442174399689,10.0,True,-10.0,,,,,2026-09-17 10:00:26.788212,2026-09-17 03:02:57.731132
2026-09-18 09:00:00,buy,368.42105,1011.5502967306264,2.0,,1031.781302665239,11.0,True,-4.052631549999999,,,,,2026-09-17 10:00:26.788315,2026-09-17 03:02:57.731132
2026-09-18 10:00:00,buy,1000.0,787.5754376509315,2.0,,803.3269464039502,11.0,True,-11.0,,,,,2026-09-17 10:00:26.788416,2026-09-17 03:02:57.731133
2026-09-18 11:00:00,buy,1000.0,865.3441006434051,2.0,,882.6509826562732,11.0,True,-11.0,,,,,2026-09-17 10:00:26.788531,2026-09-17 03:02:57.731133
2026-09-18 12:00:00,standby,0.0,2174.4171824370637,2.0,,2174.4171824370637,807.0,True,0.0,,,,,2026-09-17 10:00:26.788550,2026-09-17 03:02:57.731133
2026-09-18 13:00:00,standby,0.0,3503.7739781860378,2.0,,3503.7739781860378,4000.0,True,0.0,,,,,2026-09-17 10:00:26.788565,2026-09-17 03:02:57.731134
2026-09-18 14:00:00,standby,0.0,6412.197577804909,2.0,,6412.197577804909,7200.0,True,0.0,,,,,2026-09-17 10:00:26.788580,2026-09-17 03:02:57.731134
2026-09-18 15:00:00,sell,40.0,11145.885201401314,2.0,,10922.967497373287,11802.0,True,424.08,,,,,2026-09-17 10:00:26.788678,2026-09-17 03:02:57.731135
2026-09-18 16:00:00,sell,1000.0,11629.469416168306,2.0,,11396.88002784494,12859.0,True,11659.0,,,,,2026-09-17 10:00:26.788774,2026-09-17 03:02:57.731135
2026-09-18 17:00:00,sell,1000.0,12801.776092163072,2.0,,12545.740570319811,14094.0,True,12894.0,,,,,2026-09-17 10:00:26.788871,2026-09-17 03:02:57.731135
2026-09-18 18:00:00,sell,1000.0,11714.83749200584,2.0,,11480.540742165722,12743.76,True,11543.76,,,,,2026-09-17 10:00:26.788967,2026-09-17 03:02:57.731136
2026-09-18 19:00:00,standby,0.0,10690.30819394338,2.0,,10690.30819394338,11301.8,True,0.0,,,,,2026-09-17 10:00:26.788986,2026-09-17 03:02:57.731136
2026-09-18 20:00:00,standby,0.0,7355.327791095115,2.0,,7355.327791095115,10173.4,True,0.0,,,,,2026-09-17 10:00:26.789001,2026-09-17 03:02:57.731137
2026-09-18 21:00:00,standby,0.0,7515.633321678124,2.0,,7515.633321678124,14970.4,True,0.0,,,,,2026-09-18 10:00:15.813856,2026-09-18 03:04:05.018771
2026-09-18 22:00:00,standby,0.0,6177.583376376609,2.0,,6177.583376376609,6812.0,True,0.0,,,,,2026-09-18 10:00:15.813876,2026-09-18 03:04:05.018775
2026-09-18 23:00:00,standby,0.0,5356.123617242867,2.0,,5356.123617242867,6300.0,True,0.0,,,,,2026-09-18 10:00:15.813892,2026-09-18 03:04:05.018776
2026-09-19 00:00:00,standby,0.0,5347.295914563613,2.0,,5347.295914563613,6199.99,True,0.0,,,,,2026-09-18 10:00:15.813907,2026-09-18 03:04:05.018776
2026-09-19 01:00:00,standby,0.0,4955.240637280261,2.0,,4955.240637280261,6250.0,True,0.0,,,,,2026-09-18 10:00:15.813922,2026-09-18 03:04:05.018777
2026-09-19 02:00:00,standby,0.0,5609.092063179498,2.0,,5609.092063179498,6800.0,True,0.0,,,,,2026-09-18 10:00:15.813936,2026-09-18 03:04:05.018778
2026-09-19 03:00:00,standby,0.0,8369.421603327128,2.0,,8369.421603327128,7500.0,True,0.0,,,,,2026-09-18 10:00:15.813950,2026-09-18 03:04:05.018779
2026-09-19 04:00:00,standby,0.0,7288.29157552422,2.0,,7288.29157552422,8500.0,True,0.0,,,,,2026-09-18 10:00:15.813965,2026-09-18 03:04:05.018779
2026-09-19 05:00:00,standby,0.0,7816.611292768496,2.0,,7816.611292768496,6000.0,True,0.0,,,,,2026-09-18 10:00:15.813979,2026-09-18 03:04:05.018780
2026-09-19 06:00:00,standby,0.0,6676.277080560904,2.0,,6676.277080560904,4900.0,True,0.0,,,,,2026-09-18 10:00:15.813993,2026-09-18 03:04:05.018781
2026-09-19 07:00:00,standby,0.0,1509.4005332964027,2.0,,1509.4005332964027,598.0,True,0.0,,,,,2026-09-18 10:00:15.814007,2026-09-18 03:04:05.018781
2026-09-19 08:00:00,buy,1000.0,230.54382838931454,2.0,,235.15470495710085,10.0,True,-10.0,,,,,2026-09-18 10:00:15.814229,2026-09-18 03:04:05.018782
2026-09-19 09:00:00,buy,368.42105,269.8282527949594,2.0,,275.2248178508586,10.0,True,-3.6842105,,,,,2026-09-18 10:00:15.814341,2026-09-18 03:04:05.018783
2026-09-19 10:00:00,buy,1000.0,107.29751212683237,2.0,,109.44346236936902,10.0,True,-10.0,,,,,2026-09-18 10:00:15.814445,2026-09-18 03:04:05.018784
2026-09-19 11:00:00,buy,1000.0,10.0,2.0,,10.2,10.0,True,-10.0,,,,,2026-09-18 10:00:15.814575,2026-09-18 03:04:05.018784
2026-09-19 12:00:00,standby,0.0,1002.2935865564225,2.0,,1002.2935865564225,10.0,True,0.0,,,,,2026-09-18 10:00:15.814595,2026-09-18 03:04:05.018785
2026-09-19 13:00:00,standby,0.0,3664.123096293435,2.0,,3664.123096293435,236.0,True,0.0,,,,,2026-09-18 10:00:15.814609,2026-09-18 03:04:05.018786
2026-09-19 14:00:00,standby,0.0,6151.268414489205,2.0,,6151.268414489205,3490.0,True,0.0,,,,,2026-09-18 10:00:15.814624,2026-09-18 03:04:05.018786
2026-09-19 15:00:00,standby,0.0,9519.464601930466,2.0,,9519.464601930466,10651.7,True,0.0,,,,,2026-09-18 10:00:15.814639,2026-09-18 03:04:05.018787
2026-09-19 16:00:00,sell,1000.0,11023.921906936428,2.0,,10803.4434687977,12263.0,True,11063.0,,,,,2026-09-18 10:00:15.814743,2026-09-18 03:04:05.018788
2026-09-19 17:00:00,sell,1000.0,11607.430072275463,2.0,,11375.281470829954,12919.0,True,11719.0,,,,,2026-09-18 10:00:15.814848,2026-09-18 03:04:05.018788
2026-09-19 18:00:00,sell,1000.0,11531.633324673141,2.0,,11301.000658179679,12057.0,True,10857.0,,,,,2026-09-18 10:00:15.814954,2026-09-18 03:04:05.018789
2026-09-19 19:00:00,sell,40.0,10155.969005309968,2.0,,9952.849625203768,11477.22,True,411.0888,,,,,2026-09-18 10:00:15.815064,2026-09-18 03:04:05.018790
2026-09-19 20:00:00,standby,0.0,9423.371921635397,2.0,,9423.371921635397,7500.0,True,0.0,,,,,2026-09-18 10:00:15.815083,2026-09-18 03:04:05.018790
2026-09-19 21:00:00,standby,0.0,11305.20042734215,2.0,,11305.20042734215,14949.1,True,0.0,,,,,2026-09-19 10:00:23.275737,2026-09-19 03:03:29.198949
2026-09-19 22:00:00,standby,0.0,5568.967295150352,2.0,,5568.967295150352,6999.0,True,0.0,,,,,2026-09-19 10:00:23.275758,2026-09-19 03:03:29.198952
2026-09-19 23:00:00,standby,0.0,5436.079149436987,2.0,,5436.079149436987,6250.0,True,0.0,,,,,2026-09-19 10:00:23.275772,2026-09-19 03:03:29.198952
2026-09-20 00:00:00,standby,0.0,5483.178743666712,2.0,,5483.178743666712,6000.0,True,0.0,,,,,2026-09-19 10:00:23.275785,2026-09-19 03:03:29.198953
2026-09-20 01:00:00,standby,0.0,5235.067047936101,2.0,,5235.067047936101,5000.0,True,0.0,,,,,2026-09-19 10:00:23.275798,2026-09-19 03:03:29.198953
2026-09-20 02:00:00,standby,0.0,5506.372777581737,2.0,,5506.372777581737,5470.0,True,0.0,,,,,2026-09-19 10:00:23.275811,2026-09-19 03:03:29.198954
2026-09-20 03:00:00,standby,0.0,6403.063557666962,2.0,,6403.063557666962,5470.0,True,0.0,,,,,2026-09-19 10:00:23.275824,2026-09-19 03:03:29.198954
2026-09-20 04:00:00,standby,0.0,7159.552555165026,2.0,,7159.552555165026,3600.0,True,0.0,,,,,2026-09-19 10:00:23.275836,2026-09-19 03:03:29.198955
2026-09-20 05:00:00,standby,0.0,5930.440514695365,2.0,,5930.440514695365,3250.0,True,0.0,,,,,2026-09-19 10:00:23.275849,2026-09-19 03:03:29.198955
2026-09-20 06:00:00,standby,0.0,5005.3510529186315,2.0,,5005.3510529186315,434.0,True,0.0,,,,,2026-09-19 10:00:23.275861,2026-09-19 03:03:29.198956
2026-09-20 07:00:00,standby,0.0,1501.2411103201753,2.0,,1501.2411103201753,10.0,True,0.0,,,,,2026-09-19 10:00:23.275873,2026-09-19 03:03:29.198956
2026-09-20 08:00:00,buy,368.42105,169.73348920766725,2.0,,173.12815899182058,10.0,True,-3.6842105,,,,,2026-09-19 10:00:23.276089,2026-09-19 03:03:29.198957
2026-09-20 09:00:00,standby,0.0,453.26622952458786,2.0,,453.26622952458786,10.0,True,0.0,,,,,2026-09-19 10:00:23.276107,2026-09-19 03:03:29.198957
2026-09-20 10:00:00,buy,1000.0,10.0,2.0,,10.2,10.0,True,-10.0,,,,,2026-09-19 10:00:23.276215,2026-09-19 03:03:29.198958
2026-09-20 11:00:00,buy,1000.0,10.0,2.0,,10.2,10.0,True,-10.0,,,,,2026-09-19 10:00:23.276333,2026-09-19 03:03:29.198958
2026-09-20 12:00:00,buy,1000.0,10.0,2.0,,10.2,10.0,True,-10.0,,,,,2026-09-19 10:00:23.276445,2026-09-19 03:03:29.198958
2026-09-20 13:00:00,standby,0.0,1222.413129107805,2.0,,1222.413129107805,10.0,True,0.0,,,,,2026-09-19 10:00:23.276478,2026-09-19 03:03:29.198959
2026-09-20 14:00:00,standby,0.0,4386.803337764701,2.0,,4386.803337764701,4600.0,True,0.0,,,,,2026-09-19 10:00:23.276492,2026-09-19 03:03:29.198959
2026-09-20 15:00:00,standby,0.0,9022.46737168505,2.0,,9022.46737168505,7019.0,True,0.0,,,,,2026-09-19 10:00:23.276505,2026-09-19 03:03:29.198960
2026-09-20 16:00:00,sell,1000.0,11154.950001722867,2.0,,10931.85100168841,9500.0,False,0.0,9383.49,True,,2026-09-19 11:45:00.004526,2026-09-19 10:00:23.493209,2026-09-19 03:03:29.198960
2026-09-20 17:00:00,sell,1000.0,11891.38239931349,2.0,,11653.55475132722,11100.0,False,0.0,10864.17,True,,2026-09-19 11:45:00.004550,2026-09-19 10:00:23.644142,2026-09-19 03:03:29.198961
2026-09-20 18:00:00,sell,1000.0,11716.181683249053,2.0,,11481.858049584072,9795.0,False,0.0,9543.78,True,,2026-09-19 11:45:00.004560,2026-09-19 10:00:23.796202,2026-09-19 03:03:29.198961
2026-09-20 19:00:00,sell,40.0,10524.146815520135,2.0,,10313.663879209731,6300.0,False,0.0,6175.65,True,,2026-09-19 11:45:00.004568,2026-09-19 10:00:23.952358,2026-09-19 03:03:29.198961
2026-09-20 20:00:00,standby,0.0,7708.349044826228,2.0,,7708.349044826228,8000.0,True,0.0,,,,,2026-09-19 10:00:23.952396,2026-09-19 03:03:29.198962
2026-09-20 21:00:00,standby,0.0,8937.270426491652,2.0,,8937.270426491652,7500.0,True,0.0,,,,,2026-09-21 05:01:45.489747,2026-09-20 03:03:21.137998
2026-09-20 22:00:00,standby,0.0,5777.785920015859,2.0,,5777.785920015859,6000.0,True,0.0,,,,,2026-09-21 05:01:45.489767,2026-09-20 03:03:21.138001
2026-09-20 23:00:00,standby,0.0,5689.518246712804,2.0,,5689.518246712804,4400.0,True,0.0,,,,,2026-09-21 05:01:45.489782,2026-09-20 03:03:21.138002
2026-09-21 00:00:00,standby,0.0,5659.138893431176,2.0,,5659.138893431176,3949.99,True,0.0,,,,,2026-09-21 05:01:45.489796,2026-09-20 03:03:21.138002
2026-09-21 01:00:00,standby,0.0,5024.710430360005,2.0,,5024.710430360005,3500.0,True,0.0,,,,,2026-09-21 05:01:45.489811,2026-09-20 03:03:21.138003
2026-09-21 02:00:00,standby,0.0,5339.073920045359,2.0,,5339.073920045359,5400.0,True,0.0,,,,,2026-09-21 05:01:45.489826,2026-09-20 03:03:21.138003
2026-09-21 03:00:00,standby,0.0,6796.240085614048,2.0,,6796.240085614048,7400.0,True,0.0,,,,,2026-09-21 05:01:45.489840,2026-09-20 03:03:21.138004
2026-09-21 04:00:00,standby,0.0,7280.939480366086,2.0,,7280.939480366086,13000.0,True,0.0,,,,,2026-09-21 05:01:45.489854,2026-09-20 03:03:21.138004
2026-09-21 05:00:00,standby,0.0,6708.295029230001,2.0,,6708.295029230001,12000.0,True,0.0,,,,,2026-09-21 05:01:45.489868,2026-09-20 03:03:21.138005
2026-09-21 06:00:00,standby,0.0,5672.119229508869,2.0,,5672.119229508869,9500.0,True,0.0,,,,,2026-09-21 05:01:45.489883,2026-09-20 03:03:21.138005
2026-09-21 07:00:00,standby,0.0,2248.899610830368,2.0,,2248.899610830368,1500.0,True,0.0,,,,,2026-09-21 05:01:45.489897,2026-09-20 03:03:21.138006
2026-09-21 08:00:00,buy,1000.0,1250.4367453539746,2.0,,1275.4454802610542,999.0,True,-999.0,,,,,2026-09-21 05:01:45.490114,2026-09-20 03:03:21.138006
2026-09-21 09:00:00,buy,1000.0,1257.4429327521618,2.0,,1282.5917914072052,1000.01,True,-1000.0100000000001,,,,,2026-09-21 05:01:45.490257,2026-09-20 03:03:21.138006
2026-09-21 10:00:00,buy,1000.0,1270.2352698904497,2.0,,1295.6399752882587,378.0,True,-378.0,,,,,2026-09-21 05:01:45.490387,2026-09-20 03:03:21.138007
2026-09-21 11:00:00,buy,368.42105,1278.6861233240047,2.0,,1304.2598457904849,301.0,True,-110.89473604999999,,,,,2026-09-21 05:01:45.490521,2026-09-20 03:03:21.138007
2026-09-21 12:00:00,standby,0.0,1279.55665863601,2.0,,1279.55665863601,999.0,True,0.0,,,,,2026-09-21 05:01:45.490541,2026-09-20 03:03:21.138008
2026-09-21 13:00:00,standby,0.0,2068.3360176731658,2.0,,2068.3360176731658,4785.0,True,0.0,,,,,2026-09-21 05:01:45.490556,2026-09-20 03:03:21.138008
2026-09-21 14:00:00,standby,0.0,5943.128826734088,2.0,,5943.128826734088,7500.0,True,0.0,,,,,2026-09-21 05:01:45.490571,2026-09-20 03:03:21.138008
2026-09-21 15:00:00,sell,40.0,8090.140208913972,2.0,,7928.337404735692,11100.0,True,396.0,,,,,2026-09-21 05:01:45.490682,2026-09-20 03:03:21.138009
2026-09-21 16:00:00,sell,1000.0,11241.399627335695,2.0,,11016.571634788981,14959.0,True,13759.0,,,,,2026-09-21 05:01:45.490816,2026-09-20 03:03:21.138009
2026-09-21 17:00:00,sell,1000.0,11579.992974346147,2.0,,11348.393114859224,13531.0,True,12331.0,,,,,2026-09-21 05:01:45.490925,2026-09-20 03:03:21.138009
2026-09-21 18:00:00,sell,1000.0,11730.268223998542,2.0,,11495.662859518572,12615.0,True,11415.0,,,,,2026-09-21 05:01:45.491036,2026-09-20 03:03:21.138010
2026-09-21 19:00:00,standby,0.0,7596.641330412451,2.0,,7596.641330412451,9500.0,True,0.0,,,,,2026-09-21 05:01:45.491055,2026-09-20 03:03:21.138010
2026-09-21 20:00:00,standby,0.0,7657.521694918724,2.0,,7657.521694918724,7500.0,True,0.0,,,,,2026-09-21 05:01:45.491071,2026-09-20 03:03:21.138011
2026-09-21 21:00:00,standby,0.0,8102.416889575855,2.0,,8102.416889575855,5470.0,True,0.0,,,,,2026-09-21 10:00:23.669758,2026-09-21 03:03:18.314878
2026-09-21 22:00:00,standby,0.0,6272.354566330319,2.0,,6272.354566330319,5400.0,True,0.0,,,,,2026-09-21 10:00:23.669778,2026-09-21 03:03:18.314882
2026-09-21 23:00:00,buy,216.06648,4969.265902992121,2.0,,5068.651221051963,4800.0,True,-1037.119104,,,,,2026-09-21 10:00:23.670010,2026-09-21 03:03:18.314883
2026-09-22 00:00:00,buy,1000.0,4778.474045399206,2.0,,4874.04352630719,4800.0,True,-4800.0,,,,,2026-09-21 10:00:23.670124,2026-09-21 03:03:18.314884
2026-09-22 01:00:00,buy,1000.0,4446.574460282349,2.0,,4535.505949487996,5200.0,False,0.0,5218.66,True,,2026-09-21 11:45:00.004783,2026-09-21 10:00:23.824243,2026-09-21 03:03:18.314884
2026-09-22 02:00:00,standby,0.0,5537.962605641474,2.0,,5537.962605641474,6300.0,True,0.0,,,,,2026-09-21 10:00:23.824280,2026-09-21 03:03:18.314885
2026-09-22 03:00:00,standby,0.0,6920.647639254858,2.0,,6920.647639254858,10727.0,True,0.0,,,,,2026-09-21 10:00:23.824297,2026-09-21 03:03:18.314885
2026-09-22 04:00:00,sell,1000.0,11875.443961022165,2.0,,11637.935081801721,12546.0,True,11346.0,,,,,2026-09-21 10:00:23.824415,2026-09-21 03:03:18.314885
2026-09-22 05:00:00,sell,1000.0,10000.687264046814,2.0,,9800.673518765878,12000.0,True,10800.0,,,,,2026-09-21 10:00:23.824547,2026-09-21 03:03:18.314886
2026-09-22 06:00:00,standby,0.0,7721.988929264635,2.0,,7721.988929264635,9000.0,True,0.0,,,,,2026-09-21 10:00:23.824567,2026-09-21 03:03:18.314886
2026-09-22 07:00:00,standby,0.0,2840.579226717892,2.0,,2840.579226717892,3500.0,True,0.0,,,,,2026-09-21 10:00:23.824583,2026-09-21 03:03:18.314887
2026-09-22 08:00:00,buy,368.42105,2557.557960624302,2.0,,2608.709119836788,298.0,True,-109.78947289999999,,,,,2026-09-21 10:00:23.824698,2026-09-21 03:03:18.314887
2026-09-22 09:00:00,standby,0.0,2742.616821566672,2.0,,2742.616821566672,301.0,True,0.0,,,,,2026-09-21 10:00:23.824717,2026-09-21 03:03:18.314887
2026-09-22 10:00:00,buy,1000.0,1563.3252966178895,2.0,,1594.5918025502474,300.0,True,-300.0,,,,,2026-09-21 10:00:23.824819,2026-09-21 03:03:18.314888
2026-09-22 11:00:00,buy,1000.0,1240.1371005368424,2.0,,1264.9398425475792,434.0,True,-434.0,,,,,2026-09-21 10:00:23.824927,2026-09-21 03:03:18.314888
2026-09-22 12:00:00,buy,1000.0,2052.0477717583917,2.0,,2093.0887271935594,665.0,True,-665.0,,,,,2026-09-21 10:00:23.825041,2026-09-21 03:03:18.314889
2026-09-22 13:00:00,standby,0.0,3678.416142659553,2.0,,3678.416142659553,6000.0,True,0.0,,,,,2026-09-21 10:00:23.825060,2026-09-21 03:03:18.314889
2026-09-22 14:00:00,standby,0.0,6193.585017953297,2.0,,6193.585017953297,10000.0,True,0.0,,,,,2026-09-21 10:00:23.825076,2026-09-21 03:03:18.314890
2026-09-22 15:00:00,sell,40.0,10425.552427267821,2.0,,10217.041378722464,13765.0,True,502.6,,,,,2026-09-21 10:00:23.825195,2026-09-21 03:03:18.314890
2026-09-22 16:00:00,sell,1000.0,12961.47223029201,2.0,,12702.24278568617,14974.23,True,13774.23,,,,,2026-09-21 10:00:23.825312,2026-09-21 03:03:18.314891
2026-09-22 17:00:00,sell,1000.0,12445.415030509877,2.0,,12196.50672989968,14977.84,True,13777.84,,,,,2026-09-21 10:00:23.825413,2026-09-21 03:03:18.314891
2026-09-22 18:00:00,sell,1000.0,12144.076273923896,2.0,,11901.194748445418,14975.42,True,13775.42,,,,,2026-09-21 10:00:23.825531,2026-09-21 03:03:18.314891
2026-09-22 19:00:00,standby,0.0,9792.351922751463,2.0,,9792.351922751463,11100.0,True,0.0,,,,,2026-09-21 10:00:23.825551,2026-09-21 03:03:18.314892
2026-09-22 20:00:00,standby,0.0,7334.999246232521,2.0,,7334.999246232521,9000.0,True,0.0,,,,,2026-09-21 10:00:23.825566,2026-09-21 03:03:18.314892
2026-09-22 21:00:00,standby,0.0,6409.0260372694975,2.0,,6409.0260372694975,13000.0,True,0.0,,,,,2026-09-22 10:00:26.192038,2026-09-22 03:02:57.556047
2026-09-22 22:00:00,standby,0.0,5183.212065615782,2.0,,5183.212065615782,5000.0,True,0.0,,,,,2026-09-22 10:00:26.192058,2026-09-22 03:02:57.556051
2026-09-22 23:00:00,buy,1000.0,4871.184722354411,2.0,,4968.6084168014995,4399.99,True,-4399.99,,,,,2026-09-22 10:00:26.192286,2026-09-22 03:02:57.556051
2026-09-23 00:00:00,buy,1000.0,4712.95599728902,2.0,,4807.2151172348,4500.0,True,-4500.0,,,,,2026-09-22 10:00:26.192401,2026-09-22 03:02:57.556052
2026-09-23 01:00:00,buy,1000.0,4897.820425463258,2.0,,4995.7768339725235,3500.0,True,-3500.0,,,,,2026-09-22 10:00:26.192540,2026-09-22 03:02:57.556052
2026-09-23 02:00:00,standby,0.0,6025.2898026353105,2.0,,6025.2898026353105,4500.0,True,0.0,,,,,2026-09-22 10:00:26.192561,2026-09-22 03:02:57.556053
2026-09-23 03:00:00,sell,707.5,9829.64655519794,2.0,,9633.053624093982,7000.0,False,0.0,6982.43,,,2026-09-22 11:45:00.005096,2026-09-22 10:00:26.364899,2026-09-22 03:02:57.556053
2026-09-23 04:00:00,sell,1000.0,12563.317006660433,2.0,,12312.050666527224,12000.0,False,0.0,11982.43,,,2026-09-22 11:45:00.005119,2026-09-22 10:00:26.529492,2026-09-22 03:02:57.556054
2026-09-23 05:00:00,sell,1000.0,10488.095374906936,2.0,,10278.333467408796,12000.0,True,10800.0,,,,,2026-09-22 10:00:26.529630,2026-09-22 03:02:57.556054
2026-09-23 06:00:00,standby,0.0,7213.262566368079,2.0,,7213.262566368079,12799.0,True,0.0,,,,,2026-09-22 10:00:26.529652,2026-09-22 03:02:57.556055
2026-09-23 07:00:00,standby,0.0,3255.2846273479304,2.0,,3255.2846273479304,7200.0,True,0.0,,,,,2026-09-22 10:00:26.529669,2026-09-22 03:02:57.556055
2026-09-23 08:00:00,buy,1000.0,1000.5875037659915,2.0,,1020.5992538413113,3000.0,False,0.0,2982.43,,,2026-09-22 11:45:00.005129,2026-09-22 10:00:26.736170,2026-09-22 03:02:57.556055
2026-09-23 09:00:00,buy,1000.0,1096.8186711321391,2.0,,1118.755044554782,2755.0,False,0.0,2737.43,,,2026-09-22 11:45:00.005139,2026-09-22 10:00:26.877507,2026-09-22 03:02:57.556056
2026-09-23 10:00:00,buy,1000.0,1120.110367770277,2.0,,1142.5125751256826,2000.0,False,0.0,1982.4299999999998,,,2026-09-22 11:45:00.005148,2026-09-22 10:00:27.021782,2026-09-22 03:02:57.556056
2026-09-23 11:00:00,buy,368.42105,1140.5337764210506,2.0,,1163.3444519494717,3000.0,False,0.0,2982.43,,,2026-09-22 11:45:00.005157,2026-09-22 10:00:27.165521,2026-09-22 03:02:57.556056
2026-09-23 12:00:00,standby,0.0,1237.4978717543277,2.0,,1237.4978717543277,3490.0,True,0.0,,,,,2026-09-22 10:00:27.165556,2026-09-22 03:02:57.556057
2026-09-23 13:00:00,standby,0.0,5349.2834894139405,2.0,,5349.2834894139405,6000.0,True,0.0,,,,,2026-09-22 10:00:27.165572,2026-09-22 03:02:57.556057
2026-09-23 14:00:00,standby,0.0,8174.306788971222,2.0,,8174.306788971222,8500.0,True,0.0,,,,,2026-09-22 10:00:27.165586,2026-09-22 03:02:57.556058
2026-09-23 15:00:00,sell,40.0,12177.327361339607,2.0,,11933.780814112815,11500.0,False,0.0,11482.43,,,2026-09-22 11:45:00.005166,2026-09-22 10:00:27.319970,2026-09-22 03:02:57.556058
2026-09-23 16:00:00,sell,1000.0,14090.058762257202,2.0,,13808.257587012058,13500.0,False,0.0,13482.43,,,2026-09-22 11:45:00.005174,2026-09-22 10:00:27.463973,2026-09-22 03:02:57.556058
2026-09-23 17:00:00,sell,1000.0,14206.868421735204,2.0,,13922.7310533005,13500.0,False,0.0,13482.43,,,2026-09-22 11:45:00.005182,2026-09-22 10:00:27.610570,2026-09-22 03:02:57.556059
2026-09-23 18:00:00,sell,1000.0,13762.79168979258,2.0,,13487.535855996728,9500.0,False,0.0,9482.43,,,2026-09-22 11:45:00.005190,2026-09-22 10:00:27.784921,2026-09-22 03:02:57.556059
2026-09-23 19:00:00,standby,0.0,10001.544260560206,2.0,,10001.544260560206,8498.0,True,0.0,,,,,2026-09-22 10:00:27.784957,2026-09-22 03:02:57.556060
2026-09-23 20:00:00,standby,0.0,7698.660721371927,2.0,,7698.660721371927,7000.0,True,0.0,,,,,2026-09-22 10:00:27.784974,2026-09-22 03:02:57.556060
2026-09-23 21:00:00,standby,0.0,9713.874472589187,2.0,,9713.874472589187,,,,,,,,,2026-09-23 03:02:57.470825
2026-09-23 22:00:00,buy,279.77839,4710.606931607837,2.0,,4804.819070239994,,,,,,,,,2026-09-23 03:02:57.470829
2026-09-23 23:00:00,buy,1000.0,4207.720247679799,2.0,,4291.874652633395,,,,,,,,,2026-09-23 03:02:57.470830
2026-09-24 00:00:00,buy,1000.0,4199.3417118605175,2.0,,4283.328546097728,,,,,,,,,2026-09-23 03:02:57.470831
2026-09-24 01:00:00,buy,1000.0,3801.8209626253492,2.0,,3877.8573818778564,,,,,,,,,2026-09-23 03:02:57.470831
2026-09-24 02:00:00,standby,0.0,4746.670640340571,2.0,,4746.670640340571,,,,,,,,,2026-09-23 03:02:57.470832
2026-09-24 03:00:00,standby,0.0,7334.839787427632,2.0,,7334.839787427632,,,,,,,,,2026-09-23 03:02:57.470832
2026-09-24 04:00:00,sell,1000.0,11769.915542291212,2.0,,11534.517231445387,,,,,,,,,2026-09-23 03:02:57.470832
2026-09-24 05:00:00,sell,1000.0,11458.839715012791,2.0,,11229.662920712535,,,,,,,,,2026-09-23 03:02:57.470833
2026-09-24 06:00:00,sell,960.0,10096.811420291464,2.0,,9894.875191885634,,,,,,,,,2026-09-23 03:02:57.470833
2026-09-24 07:00:00,standby,0.0,5179.839064311604,2.0,,5179.839064311604,,,,,,,,,2026-09-23 03:02:57.470834
2026-09-24 08:00:00,standby,0.0,2788.5881007044295,2.0,,2788.5881007044295,,,,,,,,,2026-09-23 03:02:57.470834
2026-09-24 09:00:00,buy,368.42105,2529.844738780883,2.0,,2580.4416335565006,,,,,,,,,2026-09-23 03:02:57.470834
2026-09-24 10:00:00,buy,1000.0,2030.184685516841,2.0,,2070.7883792271778,,,,,,,,,2026-09-23 03:02:57.470835
2026-09-24 11:00:00,buy,1000.0,2240.874842529278,2.0,,2285.6923393798634,,,,,,,,,2026-09-23 03:02:57.470835
2026-09-24 12:00:00,buy,1000.0,2407.638694222883,2.0,,2455.7914681073403,,,,,,,,,2026-09-23 03:02:57.470836
2026-09-24 13:00:00,standby,0.0,4953.957043705329,2.0,,4953.957043705329,,,,,,,,,2026-09-23 03:02:57.470836
2026-09-24 14:00:00,standby,0.0,7098.229082695605,2.0,,7098.229082695605,,,,,,,,,2026-09-23 03:02:57.470836
2026-09-24 15:00:00,sell,40.0,11096.466502070205,2.0,,10874.5371720288,,,,,,,,,2026-09-23 03:02:57.470837
2026-09-24 16:00:00,sell,1000.0,12653.066919080455,2.0,,12400.005580698846,,,,,,,,,2026-09-23 03:02:57.470837
2026-09-24 17:00:00,sell,1000.0,13067.971431758022,2.0,,12806.612003122862,,,,,,,,,2026-09-23 03:02:57.470837
2026-09-24 18:00:00,sell,1000.0,11170.821447761427,2.0,,10947.4050188062,,,,,,,,,2026-09-23 03:02:57.470838
2026-09-24 19:00:00,standby,0.0,8983.226150873368,2.0,,8983.226150873368,,,,,,,,,2026-09-23 03:02:57.470838
2026-09-24 20:00:00,standby,0.0,7445.093472306545,2.0,,7445.093472306545,,,,,,,,,2026-09-23 03:02:57.470839
2026-09-27 21:00:00,standby,0.0,6264.588408246304,2.0,,6264.588408246304,3624.0,True,0.0,,,,,2026-09-27 10:00:07.764520,2026-09-27 03:02:41.838701
2026-09-27 22:00:00,standby,0.0,5241.224950167437,2.0,,5241.224950167437,2323.0,True,0.0,,,,,2026-09-27 10:00:07.764538,2026-09-27 03:02:41.838704
2026-09-27 23:00:00,standby,0.0,3554.7027880317637,2.0,,3554.7027880317637,3100.0,True,0.0,,,,,2026-09-27 10:00:07.764552,2026-09-27 03:02:41.838707
2026-09-28 00:00:00,standby,0.0,3652.7410407797947,2.0,,3652.7410407797947,1999.0,True,0.0,,,,,2026-09-27 10:00:07.764564,2026-09-27 03:02:41.838708
2026-09-28 01:00:00,buy,1000.0,2864.539015327544,2.0,,2921.829795634095,1500.0,True,-1500.0,,,,,2026-09-27 10:00:07.765159,2026-09-27 03:02:41.838708
2026-09-28 02:00:00,buy,1000.0,3214.7279025699163,2.0,,3279.0224606213146,3800.0,False,0.0,3763.31,True,,2026-09-27 11:45:00.006322,2026-09-27 10:00:07.942949,2026-09-27 03:02:41.838709
2026-09-28 03:00:00,standby,0.0,5575.956838765634,2.0,,5575.956838765634,6000.0,True,0.0,,,,,2026-09-27 10:00:07.942986,2026-09-27 03:02:41.838709
2026-09-28 04:00:00,sell,1000.0,8199.872796854233,2.0,,8035.875340917149,10500.0,True,9300.0,,,,,2026-09-27 10:00:07.943095,2026-09-27 03:02:41.838710
2026-09-28 05:00:00,sell,854.4,8039.592272465218,2.0,,7878.800427015914,9000.0,True,6664.32,,,,,2026-09-27 10:00:07.943185,2026-09-27 03:02:41.838711
2026-09-28 06:00:00,standby,0.0,5229.215711041119,2.0,,5229.215711041119,6150.0,True,0.0,,,,,2026-09-27 10:00:07.943201,2026-09-27 03:02:41.838711
2026-09-28 07:00:00,standby,0.0,1841.2513862720757,2.0,,1841.2513862720757,849.0,True,0.0,,,,,2026-09-27 10:00:07.943215,2026-09-27 03:02:41.838711
2026-09-28 08:00:00,standby,0.0,878.1741315394692,2.0,,878.1741315394692,10.0,True,0.0,,,,,2026-09-27 10:00:07.943228,2026-09-27 03:02:41.838712
2026-09-28 09:00:00,buy,368.42105,832.1725049327644,2.0,,848.8159550314197,10.0,True,-3.6842105,,,,,2026-09-27 10:00:07.943312,2026-09-27 03:02:41.838712
2026-09-28 10:00:00,buy,1000.0,764.1049624268165,2.0,,779.3870616753529,10.0,True,-10.0,,,,,2026-09-27 10:00:07.943394,2026-09-27 03:02:41.838713
2026-09-28 11:00:00,buy,1000.0,714.7908674999011,2.0,,729.0866848498991,10.0,True,-10.0,,,,,2026-09-27 10:00:07.943477,2026-09-27 03:02:41.838713
2026-09-28 12:00:00,buy,1000.0,697.9436116492437,2.0,,711.9024838822286,10.0,True,-10.0,,,,,2026-09-27 10:00:07.943561,2026-09-27 03:02:41.838714
2026-09-28 13:00:00,standby,0.0,2709.2374201401044,2.0,,2709.2374201401044,87.0,True,0.0,,,,,2026-09-27 10:00:07.943576,2026-09-27 03:02:41.838714
2026-09-28 14:00:00,standby,0.0,4484.312731307123,2.0,,4484.312731307123,4349.99,True,0.0,,,,,2026-09-27 10:00:07.943605,2026-09-27 03:02:41.838714
2026-09-28 15:00:00,sell,40.0,9933.412558449954,2.0,,9734.744307280955,7500.0,False,0.0,7512.84,True,,2026-09-27 11:45:00.006360,2026-09-27 10:00:08.137924,2026-09-27 03:02:41.838715
2026-09-28 16:00:00,sell,1000.0,12410.574139212742,2.0,,12162.362656428488,11500.0,False,0.0,11478.37,True,,2026-09-27 11:45:00.006372,2026-09-27 10:00:08.315072,2026-09-27 03:02:41.838715
2026-09-28 17:00:00,sell,1000.0,12391.805885023423,2.0,,12143.969767322955,12500.0,True,11300.0,,,,,2026-09-27 10:00:08.315182,2026-09-27 03:02:41.838716
2026-09-28 18:00:00,sell,1000.0,12090.961904567961,2.0,,11849.142666476602,9500.0,False,0.0,9281.38,True,,2026-09-27 11:45:00.006382,2026-09-27 10:00:08.468092,2026-09-27 03:02:41.838716
2026-09-28 19:00:00,standby,0.0,8987.281626584974,2.0,,8987.281626584974,8500.0,True,0.0,,,,,2026-09-27 10:00:08.468146,2026-09-27 03:02:41.838717
2026-09-28 20:00:00,standby,0.0,7113.762543944071,2.0,,7113.762543944071,6299.0,True,0.0,,,,,2026-09-27 10:00:08.468160,2026-09-27 03:02:41.838717
2026-09-28 21:00:00,standby,0.0,4329.926381972693,2.0,,4329.926381972693,5500.0,True,0.0,,,,,2026-09-28 10:00:00.005792,2026-09-28 03:02:29.864037
2026-09-28 22:00:00,buy,1000.0,3066.1778178288373,2.0,,3127.501374185414,5200.0,False,0.0,5073.53,True,,2026-09-28 11:45:00.006988,2026-09-28 10:00:00.014968,2026-09-28 03:02:29.864040
2026-09-28 23:00:00,standby,0.0,3584.5570057180757,2.0,,3584.5570057180757,5200.0,True,0.0,,,,,2026-09-28 10:00:00.014995,2026-09-28 03:02:29.864040
2026-09-29 00:00:00,buy,1000.0,2713.771935666403,2.0,,2768.047374379731,5000.0,False,0.0,4984.57,True,,2026-09-28 11:45:00.007023,2026-09-28 10:00:00.018507,2026-09-28 03:02:29.864041
2026-09-29 01:00:00,buy,1000.0,2238.9157117376385,2.0,,2283.6940259723915,4607.0,False,0.0,4600.4,True,,2026-09-28 11:45:00.007031,2026-09-28 10:00:00.021724,2026-09-28 03:02:29.864042
2026-09-29 02:00:00,standby,0.0,4603.8006231916515,2.0,,4603.8006231916515,5470.0,True,0.0,,,,,2026-09-28 10:00:00.021747,2026-09-28 03:02:29.864042
2026-09-29 03:00:00,sell,707.5,7732.762938306327,2.0,,7578.1076795402005,7000.0,False,0.0,6875.94,True,,2026-09-28 11:45:00.007037,2026-09-28 10:00:00.024872,2026-09-28 03:02:29.864042
2026-09-29 04:00:00,sell,1000.0,11519.457103365341,2.0,,11289.067961298035,10500.0,False,0.0,9638.49,True,,2026-09-28 11:45:00.007042,2026-09-28 10:00:00.028178,2026-09-28 03:02:29.864043
2026-09-29 05:00:00,sell,1000.0,10732.755794890867,2.0,,10518.100678993049,7000.0,False,0.0,6752.15,True,,2026-09-28 11:45:00.007065,2026-09-28 10:00:00.032193,2026-09-28 03:02:29.864043
2026-09-29 06:00:00,standby,0.0,7157.824266328428,2.0,,7157.824266328428,4349.0,True,0.0,,,,,2026-09-28 10:00:00.032238,2026-09-28 03:02:29.864044
2026-09-29 07:00:00,standby,0.0,3106.125427267304,2.0,,3106.125427267304,10.0,True,0.0,,,,,2026-09-28 10:00:00.032271,2026-09-28 03:02:29.864044
2026-09-29 08:00:00,standby,0.0,1109.9936375102502,2.0,,1109.9936375102502,10.0,True,0.0,,,,,2026-09-28 10:00:00.032304,2026-09-28 03:02:29.864045
2026-09-29 09:00:00,buy,368.42105,1080.1016706850262,2.0,,1101.7037040987268,10.0,True,-3.6842105,,,,,2026-09-28 10:00:00.032376,2026-09-28 03:02:29.864045
2026-09-29 10:00:00,buy,1000.0,1058.4723191374624,2.0,,1079.6417655202117,10.0,True,-10.0,,,,,2026-09-28 10:00:00.032437,2026-09-28 03:02:29.864046
2026-09-29 11:00:00,buy,1000.0,1033.1013770413758,2.0,,1053.7634045822033,10.0,True,-10.0,,,,,2026-09-28 10:00:00.032494,2026-09-28 03:02:29.864046
2026-09-29 12:00:00,buy,1000.0,1013.4083771761015,2.0,,1033.6765447196235,10.0,True,-10.0,,,,,2026-09-28 10:00:00.032544,2026-09-28 03:02:29.864046
2026-09-29 13:00:00,standby,0.0,2619.1895084227817,2.0,,2619.1895084227817,11.0,True,0.0,,,,,2026-09-28 10:00:00.032567,2026-09-28 03:02:29.864047
2026-09-29 14:00:00,standby,0.0,5474.367664134397,2.0,,5474.367664134397,4978.88,True,0.0,,,,,2026-09-28 10:00:00.032606,2026-09-28 03:02:29.864047
2026-09-29 15:00:00,standby,0.0,8492.105658682012,2.0,,8492.105658682012,10500.0,True,0.0,,,,,2026-09-28 10:00:00.032632,2026-09-28 03:02:29.864048
2026-09-29 16:00:00,sell,1000.0,11942.705551423533,2.0,,11703.851440395061,13500.0,True,12300.0,,,,,2026-09-28 10:00:00.032691,2026-09-28 03:02:29.864048
2026-09-29 17:00:00,sell,1000.0,12745.048224944761,2.0,,12490.147260445867,14930.0,True,13730.0,,,,,2026-09-28 10:00:00.032744,2026-09-28 03:02:29.864048
2026-09-29 18:00:00,sell,1000.0,11139.676117898949,2.0,,10916.88259554097,12500.0,True,11300.0,,,,,2026-09-28 10:00:00.032795,2026-09-28 03:02:29.864049
2026-09-29 19:00:00,sell,40.0,9441.052269258487,2.0,,9252.231223873318,10527.0,True,373.08,,,,,2026-09-28 10:00:00.032846,2026-09-28 03:02:29.864049
2026-09-29 20:00:00,standby,0.0,7626.867837512681,2.0,,7626.867837512681,7500.0,True,0.0,,,,,2026-09-28 10:00:00.032868,2026-09-28 03:02:29.864050
2026-09-29 21:00:00,standby,0.0,5810.384918741702,2.0,,5810.384918741702,5500.0,True,0.0,,,,,2026-09-29 10:00:03.543160,2026-09-29 03:03:11.043234
2026-09-29 22:00:00,standby,0.0,4427.1944291147265,2.0,,4427.1944291147265,4800.0,True,0.0,,,,,2026-09-29 10:00:03.543179,2026-09-29 03:03:11.043237
2026-09-29 23:00:00,buy,108.03324,4378.749228192478,2.0,,4466.324212756327,4299.99,True,-464.54185166760004,,,,,2026-09-29 10:00:03.543254,2026-09-29 03:03:11.043240
2026-09-30 00:00:00,standby,0.0,4469.01130364007,2.0,,4469.01130364007,4145.87,True,0.0,,,,,2026-09-29 10:00:03.543268,2026-09-29 03:03:11.043241
2026-09-30 01:00:00,buy,1000.0,3848.2620403505234,2.0,,3925.227281157534,3949.99,False,0.0,4071.23,True,,2026-09-29 11:45:00.010149,2026-09-29 10:00:03.552360,2026-09-29 03:03:11.043242
2026-09-30 02:00:00,standby,0.0,4785.550830078618,2.0,,4785.550830078618,5000.0,True,0.0,,,,,2026-09-29 10:00:03.552413,2026-09-29 03:03:11.043242
2026-09-30 03:00:00,standby,0.0,6474.600107203072,2.0,,6474.600107203072,7400.0,True,0.0,,,,,2026-09-29 10:00:03.552449,2026-09-29 03:03:11.043242
2026-09-30 04:00:00,sell,1000.0,11074.823716123812,2.0,,10853.327241801335,11000.0,True,10300.0,,,,,2026-09-29 10:00:03.552536,2026-09-29 03:03:11.043243
2026-09-30 05:00:00,standby,0.0,9027.02426348679,2.0,,9027.02426348679,10000.0,True,0.0,,,,,2026-09-29 10:00:03.552574,2026-09-29 03:03:11.043243
2026-09-30 06:00:00,standby,0.0,6188.381172826378,2.0,,6188.381172826378,5750.0,True,0.0,,,,,2026-09-29 10:00:03.552618,2026-09-29 03:03:11.043244
2026-09-30 07:00:00,standby,0.0,2973.6633793250994,2.0,,2973.6633793250994,10.0,True,0.0,,,,,2026-09-29 10:00:03.552649,2026-09-29 03:03:11.043244
2026-09-30 08:00:00,buy,368.42105,1064.8586573094387,2.0,,1086.1558304556274,10.0,True,-3.6842105,,,,,2026-09-29 10:00:03.552720,2026-09-29 03:03:11.043245
2026-09-30 09:00:00,standby,0.0,1229.777490886769,2.0,,1229.777490886769,10.0,True,0.0,,,,,2026-09-29 10:00:03.552752,2026-09-29 03:03:11.043245
2026-09-30 10:00:00,buy,1000.0,1058.252095391359,2.0,,1079.4171372991862,10.0,True,-10.0,,,,,2026-09-29 10:00:03.552818,2026-09-29 03:03:11.043245
2026-09-30 11:00:00,buy,1000.0,860.775295196592,2.0,,877.9908011005239,10.0,True,-10.0,,,,,2026-09-29 10:00:03.552883,2026-09-29 03:03:11.043246
2026-09-30 12:00:00,buy,1000.0,760.7817189306003,2.0,,775.9973533092123,10.0,True,-10.0,,,,,2026-09-29 10:00:03.552947,2026-09-29 03:03:11.043246
2026-09-30 13:00:00,standby,0.0,1851.5083037570735,2.0,,1851.5083037570735,500.0,True,0.0,,,,,2026-09-29 10:00:03.552978,2026-09-29 03:03:11.043247
2026-09-30 14:00:00,standby,0.0,5355.45965966333,2.0,,5355.45965966333,6730.0,True,0.0,,,,,2026-09-29 10:00:03.553009,2026-09-29 03:03:11.043247
2026-09-30 15:00:00,standby,0.0,9909.29209328004,2.0,,9909.29209328004,11273.0,True,0.0,,,,,2026-09-29 10:00:03.553043,2026-09-29 03:03:11.043247
2026-09-30 16:00:00,sell,1000.0,11808.890639511397,2.0,,11572.712826721168,12830.0,True,12130.0,,,,,2026-09-29 10:00:03.553111,2026-09-29 03:03:11.043248
2026-09-30 17:00:00,sell,1000.0,12830.003554274515,2.0,,12573.403483189024,12500.0,False,0.0,12433.77,True,,2026-09-29 11:45:00.010183,2026-09-29 10:00:03.557360,2026-09-29 03:03:11.043248
2026-09-30 18:00:00,sell,1000.0,11790.654063769296,2.0,,11554.84098249391,10369.35,False,0.0,10232.83,True,,2026-09-29 11:45:00.010193,2026-09-29 10:00:03.561693,2026-09-29 03:03:11.043248
2026-09-30 19:00:00,sell,40.0,10137.382460729283,2.0,,9934.634811514698,9500.0,False,0.0,9394.86,True,,2026-09-29 11:45:00.010201,2026-09-29 10:00:03.566297,2026-09-29 03:03:11.043249
2026-09-30 20:00:00,standby,0.0,6636.683267440917,2.0,,6636.683267440917,6730.0,True,0.0,,,,,2026-09-29 10:00:03.566329,2026-09-29 03:03:11.043249
2026-09-30 21:00:00,standby,0.0,6095.930447685094,2.0,,6095.930447685094,3459.0,True,0.0,,,,,2026-09-30 10:00:00.009172,2026-09-30 03:03:16.404774
2026-09-30 22:00:00,standby,0.0,4903.823046179506,2.0,,4903.823046179506,4000.0,True,0.0,,,,,2026-09-30 10:00:00.009189,2026-09-30 03:03:16.404777
2026-09-30 23:00:00,buy,216.06648,4121.9836561310685,2.0,,4204.42332925369,3807.0,True,-822.56508936,,,,,2026-09-30 10:00:00.009645,2026-09-30 03:03:16.404780
2026-10-01 00:00:00,buy,1000.0,4005.367365429421,2.0,,4085.4747127380097,3407.0,True,-3407.0,,,,,2026-09-30 10:00:00.009711,2026-09-30 03:03:16.404781
2026-10-01 01:00:00,buy,1000.0,3873.3075262064317,2.0,,3950.7736767305605,3807.0,True,-3807.0,,,,,2026-09-30 10:00:00.009750,2026-09-30 03:03:16.404781
2026-10-01 02:00:00,standby,0.0,5005.184700429076,2.0,,5005.184700429076,5000.0,True,0.0,,,,,2026-09-30 10:00:00.009766,2026-09-30 03:03:16.404782
2026-10-01 03:00:00,standby,0.0,6680.59635721913,2.0,,6680.59635721913,5470.0,True,0.0,,,,,2026-09-30 10:00:00.009779,2026-09-30 03:03:16.404782
2026-10-01 04:00:00,sell,1000.0,11904.30174965521,2.0,,11666.215714662105,7400.0,False,0.0,7658.69,True,,2026-09-30 11:45:00.013292,2026-09-30 10:00:00.016632,2026-09-30 03:03:16.404783
2026-10-01 05:00:00,sell,1000.0,10770.506130699076,2.0,,10555.096008085095,5470.0,False,0.0,5807.62,True,,2026-09-30 11:45:00.013337,2026-09-30 10:00:00.020398,2026-09-30 03:03:16.404783
2026-10-01 06:00:00,standby,0.0,5615.3298996946705,2.0,,5615.3298996946705,4600.0,True,0.0,,,,,2026-09-30 10:00:00.020445,2026-09-30 03:03:16.404783
2026-10-01 07:00:00,standby,0.0,1970.5224301961696,2.0,,1970.5224301961696,10.0,True,0.0,,,,,2026-09-30 10:00:00.020461,2026-09-30 03:03:16.404784
2026-10-01 08:00:00,standby,0.0,538.0430696189004,2.0,,538.0430696189004,10.0,True,0.0,,,,,2026-09-30 10:00:00.020476,2026-09-30 03:03:16.404784
2026-10-01 09:00:00,buy,1000.0,447.4173463712179,2.0,,456.36569329864227,10.0,True,-10.0,,,,,2026-09-30 10:00:00.020517,2026-09-30 03:03:16.404785
2026-10-01 10:00:00,buy,1000.0,411.23385372913185,2.0,,419.4585308037145,10.0,True,-10.0,,,,,2026-09-30 10:00:00.020552,2026-09-30 03:03:16.404785
2026-10-01 11:00:00,buy,1000.0,484.49110116674706,2.0,,494.180923190082,10.0,True,-10.0,,,,,2026-09-30 10:00:00.020592,2026-09-30 03:03:16.404785
2026-10-01 12:00:00,buy,368.42105,524.7405843905617,2.0,,535.2353960783729,10.0,True,-3.6842105,,,,,2026-09-30 10:00:00.020627,2026-09-30 03:03:16.404786
2026-10-01 13:00:00,standby,0.0,1879.921901381842,2.0,,1879.921901381842,373.0,True,0.0,,,,,2026-09-30 10:00:00.020642,2026-09-30 03:03:16.404786
2026-10-01 14:00:00,standby,0.0,6931.95685169873,2.0,,6931.95685169873,4579.0,True,0.0,,,,,2026-09-30 10:00:00.020656,2026-09-30 03:03:16.404786
2026-10-01 15:00:00,sell,1000.0,11494.901789261576,2.0,,11265.003753476343,6500.0,False,0.0,6636.57,True,,2026-09-30 11:45:00.013350,2026-09-30 10:00:00.024363,2026-09-30 03:03:16.404787
2026-10-01 16:00:00,sell,1000.0,12960.846500269905,2.0,,12701.629570264507,9000.0,False,0.0,8982.57,True,,2026-09-30 11:45:00.013363,2026-09-30 10:00:00.028167,2026-09-30 03:03:16.404787
2026-10-01 17:00:00,sell,1000.0,12929.658554240052,2.0,,12671.06538315525,9458.0,False,0.0,9404.52,True,,2026-09-30 11:45:00.013374,2026-09-30 10:00:00.032161,2026-09-30 03:03:16.404788
2026-10-01 18:00:00,sell,40.0,11164.519684424517,2.0,,10941.229290736026,7587.0,False,0.0,7387.4,True,,2026-09-30 11:45:00.013386,2026-09-30 10:00:00.036183,2026-09-30 03:03:16.404788
2026-10-01 19:00:00,standby,0.0,10191.762607826287,2.0,,10191.762607826287,5900.0,True,0.0,,,,,2026-09-30 10:00:00.036219,2026-09-30 03:03:16.404788
2026-10-01 20:00:00,standby,0.0,7196.884063775361,2.0,,7196.884063775361,4600.0,True,0.0,,,,,2026-09-30 10:00:00.036235,2026-09-30 03:03:16.404789
2026-10-01 21:00:00,standby,0.0,10162.145651088946,2.0,,10162.145651088946,3000.0,True,0.0,,,,,2026-10-01 10:00:00.005907,2026-10-01 03:04:36.612127
2026-10-01 22:00:00,standby,0.0,9128.575503673896,2.0,,9128.575503673896,4787.0,True,0.0,,,,,2026-10-01 10:00:00.005923,2026-10-01 03:04:36.612129
2026-10-01 23:00:00,standby,0.0,6893.567831343768,2.0,,6893.567831343768,4000.0,True,0.0,,,,,2026-10-01 10:00:00.005934,2026-10-01 03:04:36.612130
2026-10-02 00:00:00,standby,0.0,4986.142675503654,2.0,,4986.142675503654,4000.0,True,0.0,,,,,2026-10-01 10:00:00.005944,2026-10-01 03:04:36.612131
2026-10-02 01:00:00,standby,0.0,4612.12275099166,2.0,,4612.12275099166,4000.0,True,0.0,,,,,2026-10-01 10:00:00.005955,2026-10-01 03:04:36.612131
2026-10-02 02:00:00,standby,0.0,4978.7934287139715,2.0,,4978.7934287139715,5088.21,True,0.0,,,,,2026-10-01 10:00:00.005966,2026-10-01 03:04:36.612131
2026-10-02 03:00:00,standby,0.0,5427.267110280777,2.0,,5427.267110280777,6350.0,True,0.0,,,,,2026-10-01 10:00:00.005976,2026-10-01 03:04:36.612132
2026-10-02 04:00:00,standby,0.0,6638.938118684641,2.0,,6638.938118684641,9500.0,True,0.0,,,,,2026-10-01 10:00:00.005986,2026-10-01 03:04:36.612132
2026-10-02 05:00:00,standby,0.0,5623.597053533982,2.0,,5623.597053533982,6000.0,True,0.0,,,,,2026-10-01 10:00:00.005996,2026-10-01 03:04:36.612133
2026-10-02 06:00:00,standby,0.0,6949.412051350945,2.0,,6949.412051350945,4099.99,True,0.0,,,,,2026-10-01 10:00:00.006007,2026-10-01 03:04:36.612133
2026-10-02 07:00:00,standby,0.0,4184.47573238758,2.0,,4184.47573238758,10.0,True,0.0,,,,,2026-10-01 10:00:00.006017,2026-10-01 03:04:36.612134
2026-10-02 08:00:00,standby,0.0,3579.892041290253,2.0,,3579.892041290253,10.0,True,0.0,,,,,2026-10-01 10:00:00.006027,2026-10-01 03:04:36.612134
2026-10-02 09:00:00,standby,0.0,2730.518693300309,2.0,,2730.518693300309,10.0,True,0.0,,,,,2026-10-01 10:00:00.006037,2026-10-01 03:04:36.612134
2026-10-02 10:00:00,buy,1000.0,731.5885321394217,2.0,,746.2203027822101,10.0,True,-10.0,,,,,2026-10-01 10:00:00.006220,2026-10-01 03:04:36.612135
2026-10-02 11:00:00,buy,1000.0,261.73846755104455,2.0,,266.9732369020654,10.0,True,-10.0,,,,,2026-10-01 10:00:00.006260,2026-10-01 03:04:36.612135
2026-10-02 12:00:00,buy,1000.0,476.9343685074403,2.0,,486.4730558775891,10.0,True,-10.0,,,,,2026-10-01 10:00:00.006290,2026-10-01 03:04:36.612136
2026-10-02 13:00:00,buy,368.42105,1249.523578399274,2.0,,1274.5140499672593,850.0,True,-313.1578925,,,,,2026-10-01 10:00:00.006321,2026-10-01 03:04:36.612136
2026-10-02 14:00:00,standby,0.0,2943.560197423702,2.0,,2943.560197423702,5255.0,True,0.0,,,,,2026-10-01 10:00:00.006333,2026-10-01 03:04:36.612136
2026-10-02 15:00:00,standby,0.0,4747.10209293747,2.0,,4747.10209293747,9500.0,True,0.0,,,,,2026-10-01 10:00:00.006344,2026-10-01 03:04:36.612137
2026-10-02 16:00:00,sell,40.0,7641.657322935302,2.0,,7488.824176476595,12540.1,True,473.60400000000004,,,,,2026-10-01 10:00:00.006374,2026-10-01 03:04:36.612137
2026-10-02 17:00:00,sell,1000.0,9727.609770951707,2.0,,9533.057575532674,12516.8,True,11816.8,,,,,2026-10-01 10:00:00.006415,2026-10-01 03:04:36.612138
2026-10-02 18:00:00,sell,1000.0,8677.304749456871,2.0,,8503.758654467734,8840.0,True,8140.0,,,,,2026-10-01 10:00:00.006445,2026-10-01 03:04:36.612138
2026-10-02 19:00:00,sell,1000.0,7821.929389643549,2.0,,7665.4908018506785,6500.0,False,0.0,6451.01,True,,2026-10-01 11:45:00.005774,2026-10-01 10:00:00.012847,2026-10-01 03:04:36.612138
2026-10-02 20:00:00,standby,0.0,6855.917020667375,2.0,,6855.917020667375,5200.0,True,0.0,,,,,2026-10-01 10:00:00.012884,2026-10-01 03:04:36.612139
2026-10-02 21:00:00,standby,0.0,5000.298035706949,2.0,,5000.298035706949,5467.0,True,0.0,,,,,2026-10-02 10:00:00.009027,2026-10-02 03:02:52.636448
2026-10-02 22:00:00,standby,0.0,6218.917044612549,2.0,,6218.917044612549,5467.0,True,0.0,,,,,2026-10-02 10:00:00.009053,2026-10-02 03:02:52.636451
2026-10-02 23:00:00,standby,0.0,5449.398653318418,2.0,,5449.398653318418,4666.0,True,0.0,,,,,2026-10-02 10:00:00.009073,2026-10-02 03:02:52.636452
2026-10-03 00:00:00,standby,0.0,5487.232785096235,2.0,,5487.232785096235,4300.0,True,0.0,,,,,2026-10-02 10:00:00.009093,2026-10-02 03:02:52.636452
2026-10-03 01:00:00,standby,0.0,4815.226103001116,2.0,,4815.226103001116,3500.0,True,0.0,,,,,2026-10-02 10:00:00.009114,2026-10-02 03:02:52.636453
2026-10-03 02:00:00,standby,0.0,5009.350615095524,2.0,,5009.350615095524,3000.0,True,0.0,,,,,2026-10-02 10:00:00.009134,2026-10-02 03:02:52.636453
2026-10-03 03:00:00,standby,0.0,5171.885000151211,2.0,,5171.885000151211,4499.99,True,0.0,,,,,2026-10-02 10:00:00.009153,2026-10-02 03:02:52.636453
2026-10-03 04:00:00,standby,0.0,7249.195290267916,2.0,,7249.195290267916,5650.0,True,0.0,,,,,2026-10-02 10:00:00.009173,2026-10-02 03:02:52.636454
2026-10-03 05:00:00,standby,0.0,5261.895833524259,2.0,,5261.895833524259,3625.0,True,0.0,,,,,2026-10-02 10:00:00.009193,2026-10-02 03:02:52.636454
2026-10-03 06:00:00,standby,0.0,4492.288520478992,2.0,,4492.288520478992,2786.0,True,0.0,,,,,2026-10-02 10:00:00.009212,2026-10-02 03:02:52.636455
2026-10-03 07:00:00,standby,0.0,1818.7948884177376,2.0,,1818.7948884177376,10.0,True,0.0,,,,,2026-10-02 10:00:00.009232,2026-10-02 03:02:52.636455
2026-10-03 08:00:00,standby,0.0,1250.8359015694346,2.0,,1250.8359015694346,10.0,True,0.0,,,,,2026-10-02 10:00:00.009251,2026-10-02 03:02:52.636456
2026-10-03 09:00:00,standby,0.0,1216.9954041546073,2.0,,1216.9954041546073,10.0,True,0.0,,,,,2026-10-02 10:00:00.009271,2026-10-02 03:02:52.636456
2026-10-03 10:00:00,buy,1000.0,575.5550557131174,2.0,,587.0661568273798,10.0,True,-10.0,,,,,2026-10-02 10:00:00.009553,2026-10-02 03:02:52.636456
2026-10-03 11:00:00,buy,1000.0,122.72031958571016,2.0,,125.17472597742436,10.0,True,-10.0,,,,,2026-10-02 10:00:00.009626,2026-10-02 03:02:52.636457
2026-10-03 12:00:00,buy,1000.0,115.51252071701283,2.0,,117.8227711313531,10.0,True,-10.0,,,,,2026-10-02 10:00:00.009678,2026-10-02 03:02:52.636457
2026-10-03 13:00:00,buy,368.42105,900.5689843262043,2.0,,918.5803640127283,10.0,True,-3.6842105,,,,,2026-10-02 10:00:00.009722,2026-10-02 03:02:52.636458
2026-10-03 14:00:00,standby,0.0,3365.1499465801207,2.0,,3365.1499465801207,5600.0,True,0.0,,,,,2026-10-02 10:00:00.009740,2026-10-02 03:02:52.636458
2026-10-03 15:00:00,standby,0.0,6701.500141890029,2.0,,6701.500141890029,9000.0,True,0.0,,,,,2026-10-02 10:00:00.009758,2026-10-02 03:02:52.636458
2026-10-03 16:00:00,sell,1000.0,9314.00122945338,2.0,,9127.721204864312,11500.0,True,10800.0,,,,,2026-10-02 10:00:00.009799,2026-10-02 03:02:52.636459
2026-10-03 17:00:00,sell,1000.0,10616.386739817435,2.0,,10404.059005021087,11539.0,True,10839.0,,,,,2026-10-02 10:00:00.009840,2026-10-02 03:02:52.636459
2026-10-03 18:00:00,sell,1000.0,8734.419794556483,2.0,,8559.731398665353,8840.0,True,8140.0,,,,,2026-10-02 10:00:00.009879,2026-10-02 03:02:52.636460
2026-10-03 19:00:00,sell,40.0,7256.600134258703,2.0,,7111.468131573529,7400.0,True,268.0,,,,,2026-10-02 10:00:00.009919,2026-10-02 03:02:52.636460
2026-10-03 20:00:00,standby,0.0,5659.931346192162,2.0,,5659.931346192162,6100.0,True,0.0,,,,,2026-10-02 10:00:00.009936,2026-10-02 03:02:52.636460
2026-10-03 21:00:00,standby,0.0,6623.334621882568,2.0,,6623.334621882568,5000.0,True,0.0,,,,,2026-10-03 10:00:01.223490,2026-10-03 03:03:29.570643
2026-10-03 22:00:00,standby,0.0,5784.969135585005,2.0,,5784.969135585005,1232.0,True,0.0,,,,,2026-10-03 10:00:01.223519,2026-10-03 03:03:29.570646
2026-10-03 23:00:00,standby,0.0,5222.7237869328965,2.0,,5222.7237869328965,2500.0,True,0.0,,,,,2026-10-03 10:00:01.223542,2026-10-03 03:03:29.570649
2026-10-04 00:00:00,standby,0.0,4605.169942181428,2.0,,4605.169942181428,647.0,True,0.0,,,,,2026-10-03 10:00:01.223565,2026-10-03 03:03:29.570650
2026-10-04 01:00:00,standby,0.0,3689.4179726237253,2.0,,3689.4179726237253,500.0,True,0.0,,,,,2026-10-03 10:00:01.223588,2026-10-03 03:03:29.570650
2026-10-04 02:00:00,standby,0.0,3160.1634704344224,2.0,,3160.1634704344224,1232.0,True,0.0,,,,,2026-10-03 10:00:01.223610,2026-10-03 03:03:29.570651
2026-10-04 03:00:00,standby,0.0,4120.852528714409,2.0,,4120.852528714409,2500.0,True,0.0,,,,,2026-10-03 10:00:01.223632,2026-10-03 03:03:29.570651
2026-10-04 04:00:00,standby,0.0,3993.4845412619393,2.0,,3993.4845412619393,3450.0,True,0.0,,,,,2026-10-03 10:00:01.223664,2026-10-03 03:03:29.570652
2026-10-04 05:00:00,standby,0.0,3171.6687269121558,2.0,,3171.6687269121558,3180.0,True,0.0,,,,,2026-10-03 10:00:01.223687,2026-10-03 03:03:29.570652
2026-10-04 06:00:00,standby,0.0,2951.59327974966,2.0,,2951.59327974966,49.0,True,0.0,,,,,2026-10-03 10:00:01.223708,2026-10-03 03:03:29.570652
2026-10-04 07:00:00,standby,0.0,1511.9339540417202,2.0,,1511.9339540417202,10.0,True,0.0,,,,,2026-10-03 10:00:01.223730,2026-10-03 03:03:29.570653
2026-10-04 08:00:00,standby,0.0,1091.8180593264494,2.0,,1091.8180593264494,10.0,True,0.0,,,,,2026-10-03 10:00:01.223753,2026-10-03 03:03:29.570653
2026-10-04 09:00:00,standby,0.0,550.9507610018723,2.0,,550.9507610018723,10.0,True,0.0,,,,,2026-10-03 10:00:01.223774,2026-10-03 03:03:29.570653
2026-10-04 10:00:00,buy,1000.0,179.13000663509712,2.0,,182.71260676779906,10.0,True,-10.0,,,,,2026-10-03 10:00:01.224388,2026-10-03 03:03:29.570654
2026-10-04 11:00:00,buy,1000.0,296.15823501557105,2.0,,302.08139971588247,10.0,True,-10.0,,,,,2026-10-03 10:00:01.224487,2026-10-03 03:03:29.570654
2026-10-04 12:00:00,buy,1000.0,389.9731375167101,2.0,,397.7726002670443,10.0,True,-10.0,,,,,2026-10-03 10:00:01.224549,2026-10-03 03:03:29.570655
2026-10-04 13:00:00,buy,368.42105,413.21142573648507,2.0,,421.4756542512148,10.0,True,-3.6842105,,,,,2026-10-03 10:00:01.224612,2026-10-03 03:03:29.570655
2026-10-04 14:00:00,standby,0.0,4100.76631311447,2.0,,4100.76631311447,4499.99,True,0.0,,,,,2026-10-03 10:00:01.224637,2026-10-03 03:03:29.570655
2026-10-04 15:00:00,standby,0.0,6603.25885803512,2.0,,6603.25885803512,6050.0,True,0.0,,,,,2026-10-03 10:00:01.224662,2026-10-03 03:03:29.570656
2026-10-04 16:00:00,sell,1000.0,9003.294284950243,2.0,,8823.228399251238,8500.0,False,0.0,8316.61,True,,2026-10-03 11:45:00.011556,2026-10-03 10:00:01.232594,2026-10-03 03:03:29.570656
2026-10-04 17:00:00,sell,1000.0,9820.018395639263,2.0,,9623.618027726478,8000.0,False,0.0,7913.18,True,,2026-10-03 11:45:00.011607,2026-10-03 10:00:01.237944,2026-10-03 03:03:29.570656
2026-10-04 18:00:00,sell,1000.0,8414.870892665711,2.0,,8246.573474812396,7000.0,False,0.0,6792.9,True,,2026-10-03 11:45:00.011629,2026-10-03 10:00:01.243182,2026-10-03 03:03:29.570657
2026-10-04 19:00:00,sell,40.0,7629.245222316466,2.0,,7476.660317870137,5900.0,False,0.0,5842.43,True,,2026-10-03 11:45:00.011649,2026-10-03 10:00:01.247150,2026-10-03 03:03:29.570657
2026-10-04 20:00:00,standby,0.0,6907.422621514911,2.0,,6907.422621514911,4550.0,True,0.0,,,,,2026-10-03 10:00:01.247186,2026-10-03 03:03:29.570658
2026-10-04 21:00:00,standby,0.0,5119.155038938546,2.0,,5119.155038938546,3000.0,True,0.0,,,,,2026-10-04 10:00:01.224480,2026-10-04 03:03:13.690082
2026-10-04 22:00:00,standby,0.0,3007.0902767582675,2.0,,3007.0902767582675,799.99,True,0.0,,,,,2026-10-04 10:00:01.224498,2026-10-04 03:03:13.690085
2026-10-04 23:00:00,standby,0.0,3274.060559936083,2.0,,3274.060559936083,149.0,True,0.0,,,,,2026-10-04 10:00:01.224511,2026-10-04 03:03:13.690085
2026-10-05 00:00:00,standby,0.0,1988.9622588742116,2.0,,1988.9622588742116,499.99,True,0.0,,,,,2026-10-04 10:00:01.224523,2026-10-04 03:03:13.690086
2026-10-05 01:00:00,standby,0.0,1719.4703315990268,2.0,,1719.4703315990268,500.0,True,0.0,,,,,2026-10-04 10:00:01.224535,2026-10-04 03:03:13.690087
2026-10-05 02:00:00,standby,0.0,2167.4086257388108,2.0,,2167.4086257388108,2800.0,True,0.0,,,,,2026-10-04 10:00:01.224548,2026-10-04 03:03:13.690087
2026-10-05 03:00:00,standby,0.0,2876.845592673395,2.0,,2876.845592673395,5470.0,True,0.0,,,,,2026-10-04 10:00:01.224560,2026-10-04 03:03:13.690088
2026-10-05 04:00:00,standby,0.0,4067.1511978625576,2.0,,4067.1511978625576,10000.0,True,0.0,,,,,2026-10-04 10:00:01.224572,2026-10-04 03:03:13.690088
2026-10-05 05:00:00,standby,0.0,4298.346972748414,2.0,,4298.346972748414,8000.0,True,0.0,,,,,2026-10-04 10:00:01.224584,2026-10-04 03:03:13.690088
2026-10-05 06:00:00,standby,0.0,4357.725282215852,2.0,,4357.725282215852,4500.0,True,0.0,,,,,2026-10-04 10:00:01.224597,2026-10-04 03:03:13.690089
2026-10-05 07:00:00,standby,0.0,3830.776571088762,2.0,,3830.776571088762,10.0,True,0.0,,,,,2026-10-04 10:00:01.224609,2026-10-04 03:03:13.690089
2026-10-05 08:00:00,standby,0.0,2584.5385693758194,2.0,,2584.5385693758194,10.0,True,0.0,,,,,2026-10-04 10:00:01.224621,2026-10-04 03:03:13.690090
2026-10-05 09:00:00,standby,0.0,2111.860088155594,2.0,,2111.860088155594,10.0,True,0.0,,,,,2026-10-04 10:00:01.224632,2026-10-04 03:03:13.690090
2026-10-05 10:00:00,buy,1000.0,435.78462139101003,2.0,,444.50031381883025,10.0,True,-10.0,,,,,2026-10-04 10:00:01.224781,2026-10-04 03:03:13.690091
2026-10-05 11:00:00,buy,1000.0,442.6055116617969,2.0,,451.45762189503284,10.0,True,-10.0,,,,,2026-10-04 10:00:01.224825,2026-10-04 03:03:13.690091
2026-10-05 12:00:00,buy,1000.0,439.022467876881,2.0,,447.80291723441866,10.0,True,-10.0,,,,,2026-10-04 10:00:01.224872,2026-10-04 03:03:13.690092
2026-10-05 13:00:00,buy,368.42105,676.4159476735092,2.0,,689.9442666269794,1480.0,False,0.0,2041.26,True,,2026-10-04 11:45:00.008133,2026-10-04 10:00:01.232296,2026-10-04 03:03:13.690092
2026-10-05 14:00:00,standby,0.0,4217.820903341762,2.0,,4217.820903341762,6200.0,True,0.0,,,,,2026-10-04 10:00:01.232353,2026-10-04 03:03:13.690093
2026-10-05 15:00:00,standby,0.0,6507.755978706785,2.0,,6507.755978706785,8500.0,True,0.0,,,,,2026-10-04 10:00:01.232381,2026-10-04 03:03:13.690093
2026-10-05 16:00:00,sell,40.0,7383.1392125415605,2.0,,7235.476428290729,11042.8,True,413.712,,,,,2026-10-04 10:00:01.232437,2026-10-04 03:03:13.690093
2026-10-05 17:00:00,sell,1000.0,7864.0009281126295,2.0,,7706.720909550377,10000.0,True,9300.0,,,,,2026-10-04 10:00:01.232492,2026-10-04 03:03:13.690094
2026-10-05 18:00:00,sell,1000.0,7896.242272291037,2.0,,7738.317426845216,8000.0,True,7300.0,,,,,2026-10-04 10:00:01.232543,2026-10-04 03:03:13.690094
2026-10-05 19:00:00,sell,1000.0,8474.306637389027,2.0,,8304.820504641246,7000.0,False,0.0,6741.78,True,,2026-10-04 11:45:00.008154,2026-10-04 10:00:01.238223,2026-10-04 03:03:13.690095
2026-10-05 20:00:00,standby,0.0,6235.0510005402,2.0,,6235.0510005402,5650.0,True,0.0,,,,,2026-10-04 10:00:01.238264,2026-10-04 03:03:13.690095
2026-10-05 21:00:00,standby,0.0,4349.311650334187,2.0,,4349.311650334187,6100.0,True,0.0,,,,,2026-10-05 10:00:01.450567,2026-10-05 03:03:28.038337
2026-10-05 22:00:00,buy,1000.0,1868.3199846744387,2.0,,1905.6863843679275,2999.0,False,0.0,3303.82,True,,2026-10-05 11:45:00.007369,2026-10-05 10:00:01.457815,2026-10-05 03:03:28.038339
2026-10-05 23:00:00,standby,0.0,2571.8138716990816,2.0,,2571.8138716990816,1000.0,True,0.0,,,,,2026-10-05 10:00:01.457864,2026-10-05 03:03:28.038340
2026-10-06 00:00:00,buy,216.06648,1937.851437198825,2.0,,1976.6084659428013,2099.0,False,0.0,2104.04,True,,2026-10-05 11:45:00.007392,2026-10-05 10:00:01.462006,2026-10-05 03:03:28.038340
2026-10-06 01:00:00,buy,1000.0,1681.3643461045244,2.0,,1714.9916330266149,978.0,True,-978.0,,,,,2026-10-05 10:00:01.462067,2026-10-05 03:03:28.038340
2026-10-06 02:00:00,standby,0.0,3070.7869055615147,2.0,,3070.7869055615147,2999.0,True,0.0,,,,,2026-10-05 10:00:01.462085,2026-10-05 03:03:28.038341
2026-10-06 03:00:00,standby,0.0,4886.630303989042,2.0,,4886.630303989042,6500.0,True,0.0,,,,,2026-10-05 10:00:01.462100,2026-10-05 03:03:28.038341
2026-10-06 04:00:00,sell,1000.0,8255.01313128403,2.0,,8089.912868658349,11000.0,True,10300.0,,,,,2026-10-05 10:00:01.462136,2026-10-05 03:03:28.038342
2026-10-06 05:00:00,sell,1000.0,6996.823924625755,2.0,,6856.88744613324,10000.0,True,9300.0,,,,,2026-10-05 10:00:01.462193,2026-10-05 03:03:28.038342
2026-10-06 06:00:00,standby,0.0,5010.541861060872,2.0,,5010.541861060872,7000.0,True,0.0,,,,,2026-10-05 10:00:01.462215,2026-10-05 03:03:28.038342
2026-10-06 07:00:00,standby,0.0,2590.5164646602457,2.0,,2590.5164646602457,3000.0,True,0.0,,,,,2026-10-05 10:00:01.462235,2026-10-05 03:03:28.038343
2026-10-06 08:00:00,standby,0.0,1896.4182237054729,2.0,,1896.4182237054729,10.0,True,0.0,,,,,2026-10-05 10:00:01.462255,2026-10-05 03:03:28.038343
2026-10-06 09:00:00,buy,368.42105,1634.7841620109302,2.0,,1667.4798452511488,10.0,True,-3.6842105,,,,,2026-10-05 10:00:01.462323,2026-10-05 03:03:28.038344
2026-10-06 10:00:00,buy,1000.0,638.597965742531,2.0,,651.3699250573816,10.0,True,-10.0,,,,,2026-10-05 10:00:01.462376,2026-10-05 03:03:28.038344
2026-10-06 11:00:00,buy,1000.0,638.597965742531,2.0,,651.3699250573816,10.0,True,-10.0,,,,,2026-10-05 10:00:01.462431,2026-10-05 03:03:28.038344
2026-10-06 12:00:00,buy,1000.0,619.6940917543841,2.0,,632.0879735894717,10.0,True,-10.0,,,,,2026-10-05 10:00:01.462481,2026-10-05 03:03:28.038345
2026-10-06 13:00:00,standby,0.0,2050.3596582178934,2.0,,2050.3596582178934,4500.0,True,0.0,,,,,2026-10-05 10:00:01.462511,2026-10-05 03:03:28.038345
2026-10-06 14:00:00,standby,0.0,5095.022375731678,2.0,,5095.022375731678,7000.0,True,0.0,,,,,2026-10-05 10:00:01.462545,2026-10-05 03:03:28.038346
2026-10-06 15:00:00,standby,0.0,6655.515923228853,2.0,,6655.515923228853,10000.0,True,0.0,,,,,2026-10-05 10:00:01.462579,2026-10-05 03:03:28.038346
2026-10-06 16:00:00,sell,1000.0,8621.752133413105,2.0,,8449.317090744844,13500.0,True,12800.0,,,,,2026-10-05 10:00:01.462645,2026-10-05 03:03:28.038346
2026-10-06 17:00:00,sell,1000.0,9217.47456501413,2.0,,9033.125073713847,13500.0,True,12800.0,,,,,2026-10-05 10:00:01.462711,2026-10-05 03:03:28.038347
2026-10-06 18:00:00,sell,1000.0,9597.862553597966,2.0,,9405.905302526007,11040.6,True,10340.6,,,,,2026-10-05 10:00:01.462775,2026-10-05 03:03:28.038347
2026-10-06 19:00:00,sell,40.0,8076.769155936275,2.0,,7915.233772817549,8500.0,True,312.0,,,,,2026-10-05 10:00:01.462839,2026-10-05 03:03:28.038347
2026-10-06 20:00:00,standby,0.0,6587.497328343499,2.0,,6587.497328343499,6000.0,True,0.0,,,,,2026-10-05 10:00:01.462881,2026-10-05 03:03:28.038348
2026-10-06 21:00:00,standby,0.0,7243.929588515727,2.0,,7243.929588515727,5800.0,True,0.0,,,,,2026-10-06 10:00:01.636972,2026-10-06 03:02:58.708402
2026-10-06 22:00:00,standby,0.0,4118.8630322737445,2.0,,4118.8630322737445,3500.0,True,0.0,,,,,2026-10-06 10:00:01.637010,2026-10-06 03:02:58.708405
2026-10-06 23:00:00,buy,1000.0,2875.1899090544052,2.0,,2932.6937072354935,2999.0,False,0.0,2999.0,,,2026-10-06 11:45:00.009914,2026-10-06 10:00:01.652077,2026-10-06 03:02:58.708406
2026-10-07 00:00:00,buy,1000.0,2612.6174775726527,2.0,,2664.8698271241055,2999.0,False,0.0,2999.0,,,2026-10-06 11:45:00.009953,2026-10-06 10:00:01.661298,2026-10-06 03:02:58.708406
2026-10-07 01:00:00,buy,1000.0,2188.3821986243465,2.0,,2232.1498425968334,2999.0,False,0.0,2999.0,,,2026-10-06 11:45:00.009969,2026-10-06 10:00:01.669686,2026-10-06 03:02:58.708406
2026-10-07 02:00:00,buy,279.77839,3400.3008719968434,2.0,,3468.3068894367802,3500.0,False,0.0,3500.0,,,2026-10-06 11:45:00.009985,2026-10-06 10:00:01.679198,2026-10-06 03:02:58.708407
2026-10-07 03:00:00,standby,0.0,5829.7313013433,2.0,,5829.7313013433,5900.0,True,0.0,,,,,2026-10-06 10:00:01.679275,2026-10-06 03:02:58.708407
2026-10-07 04:00:00,sell,1000.0,9521.016803161763,2.0,,9330.596467098529,11439.1,True,10739.1,,,,,2026-10-06 10:00:01.679355,2026-10-06 03:02:58.708408
2026-10-07 05:00:00,sell,1000.0,8937.311929357375,2.0,,8758.565690770227,8500.0,False,0.0,8500.0,,,2026-10-06 11:45:00.009999,2026-10-06 10:00:01.688791,2026-10-06 03:02:58.708408
2026-10-07 06:00:00,sell,960.0,6957.01935685154,2.0,,6817.8789697145085,5400.0,False,0.0,5400.0,,,2026-10-06 11:45:00.010014,2026-10-06 10:00:01.697211,2026-10-06 03:02:58.708408
2026-10-07 07:00:00,standby,0.0,4987.583133136639,2.0,,4987.583133136639,3495.0,True,0.0,,,,,2026-10-06 10:00:01.697293,2026-10-06 03:02:58.708409
2026-10-07 08:00:00,standby,0.0,2817.1501879163993,2.0,,2817.1501879163993,345.0,True,0.0,,,,,2026-10-06 10:00:01.697340,2026-10-06 03:02:58.708409
2026-10-07 09:00:00,buy,368.42105,2289.950723626613,2.0,,2335.7497380991454,10.0,True,-3.6842105,,,,,2026-10-06 10:00:01.697430,2026-10-06 03:02:58.708409
2026-10-07 10:00:00,buy,1000.0,946.1950409696849,2.0,,965.1189417890786,10.0,True,-10.0,,,,,2026-10-06 10:00:01.697515,2026-10-06 03:02:58.708410
2026-10-07 11:00:00,buy,1000.0,928.1372787939689,2.0,,946.7000243698483,10.0,True,-10.0,,,,,2026-10-06 10:00:01.697576,2026-10-06 03:02:58.708410
2026-10-07 12:00:00,buy,1000.0,1004.1393540889577,2.0,,1024.222141170737,989.0,True,-989.0,,,,,2026-10-06 10:00:01.697635,2026-10-06 03:02:58.708411
2026-10-07 13:00:00,standby,0.0,3806.9456680773224,2.0,,3806.9456680773224,3961.0,True,0.0,,,,,2026-10-06 10:00:01.697670,2026-10-06 03:02:58.708411
2026-10-07 14:00:00,standby,0.0,6173.384050649576,2.0,,6173.384050649576,6500.0,True,0.0,,,,,2026-10-06 10:00:01.697703,2026-10-06 03:02:58.708411
2026-10-07 15:00:00,sell,40.0,8676.952555074387,2.0,,8503.413503972899,9500.0,True,352.0,,,,,2026-10-06 10:00:01.697786,2026-10-06 03:02:58.708412
2026-10-07 16:00:00,sell,1000.0,10729.863567881428,2.0,,10515.2662965238,12500.0,True,11800.0,,,,,2026-10-06 10:00:01.697865,2026-10-06 03:02:58.708412
2026-10-07 17:00:00,sell,1000.0,11973.470537197538,2.0,,11734.001126453588,12500.0,True,11800.0,,,,,2026-10-06 10:00:01.697931,2026-10-06 03:02:58.708413
2026-10-07 18:00:00,sell,1000.0,10954.184798574372,2.0,,10735.101102602885,9878.0,False,0.0,9878.0,,,2026-10-06 11:45:00.010028,2026-10-06 10:00:01.706350,2026-10-06 03:02:58.708413
2026-10-07 19:00:00,standby,0.0,8630.463262909092,2.0,,8630.463262909092,7400.0,True,0.0,,,,,2026-10-06 10:00:01.706432,2026-10-06 03:02:58.708413
2026-10-07 20:00:00,standby,0.0,7141.615218221658,2.0,,7141.615218221658,6000.0,True,0.0,,,,,2026-10-06 10:00:01.706478,2026-10-06 03:02:58.708414
2026-10-07 21:00:00,standby,0.0,7015.177065844005,2.0,,7015.177065844005,,,,,,,,,2026-10-07 03:05:14.253685
2026-10-07 22:00:00,standby,0.0,5485.26318952241,2.0,,5485.26318952241,,,,,,,,,2026-10-07 03:05:14.253690
2026-10-07 23:00:00,standby,0.0,4293.588554133178,2.0,,4293.588554133178,,,,,,,,,2026-10-07 03:05:14.253692
2026-10-08 00:00:00,buy,1000.0,3834.9540363885067,2.0,,3911.653117116277,,,,,,,,,2026-10-07 03:05:14.253693
2026-10-08 01:00:00,buy,1000.0,3532.0601766639065,2.0,,3602.701380197185,,,,,,,,,2026-10-07 03:05:14.253695
2026-10-08 02:00:00,buy,216.06648,4221.313774146915,2.0,,4305.740049629854,,,,,,,,,2026-10-07 03:05:14.253697
2026-10-08 03:00:00,standby,0.0,6658.963951822079,2.0,,6658.963951822079,,,,,,,,,2026-10-07 03:05:14.253698
2026-10-08 04:00:00,sell,1000.0,10325.35320206707,2.0,,10118.846138025729,,,,,,,,,2026-10-07 03:05:14.253700
2026-10-08 05:00:00,sell,1000.0,8476.213323665499,2.0,,8306.689057192189,,,,,,,,,2026-10-07 03:05:14.253702
2026-10-08 06:00:00,standby,0.0,6311.582190134991,2.0,,6311.582190134991,,,,,,,,,2026-10-07 03:05:14.253704
2026-10-08 07:00:00,standby,0.0,3629.2445458298516,2.0,,3629.2445458298516,,,,,,,,,2026-10-07 03:05:14.253705
2026-10-08 08:00:00,buy,368.42105,1186.449729351823,2.0,,1210.1787239388593,,,,,,,,,2026-10-07 03:05:14.253707
2026-10-08 09:00:00,buy,1000.0,340.7455577674005,2.0,,347.5604689227485,,,,,,,,,2026-10-07 03:05:14.253708
2026-10-08 10:00:00,buy,1000.0,262.45055520069394,2.0,,267.69956630470784,,,,,,,,,2026-10-07 03:05:14.253710
2026-10-08 11:00:00,buy,1000.0,347.67494434196726,2.0,,354.6284432288066,,,,,,,,,2026-10-07 03:05:14.253712
2026-10-08 12:00:00,standby,0.0,1368.8136526948163,2.0,,1368.8136526948163,,,,,,,,,2026-10-07 03:05:14.253712
2026-10-08 13:00:00,standby,0.0,3397.6017562469965,2.0,,3397.6017562469965,,,,,,,,,2026-10-07 03:05:14.253714
2026-10-08 14:00:00,standby,0.0,6594.689127446864,2.0,,6594.689127446864,,,,,,,,,2026-10-07 03:05:14.253716
2026-10-08 15:00:00,sell,40.0,9815.178193018664,2.0,,9618.87462915829,,,,,,,,,2026-10-07 03:05:14.253716
2026-10-08 16:00:00,sell,1000.0,12707.93622065693,2.0,,12453.77749624379,,,,,,,,,2026-10-07 03:05:14.253718
2026-10-08 17:00:00,sell,1000.0,12770.381956759085,2.0,,12514.974317623904,,,,,,,,,2026-10-07 03:05:14.253720
2026-10-08 18:00:00,sell,1000.0,9873.195031804695,2.0,,9675.7311311686,,,,,,,,,2026-10-07 03:05:14.253720
2026-10-08 19:00:00,standby,0.0,7399.940438442056,2.0,,7399.940438442056,,,,,,,,,2026-10-07 03:05:14.253723
2026-10-08 20:00:00,standby,0.0,6192.333116990761,2.0,,6192.333116990761,,,,,,,,,2026-10-07 03:05:14.253724
